baseline_id,q_xx,q_xy,q_xz,q_yy,q_yz,q_zz
0,7.634163553350141e-05,1.2530128447347597e-05,3.0861091252731e-05,7.634163553350141e-05,-4.516469121641206e-06,0.00024734689912854463
1,5.7554147354412667e-05,7.753831102246667e-06,-2.395487823465195e-06,5.7554147354412667e-05,5.406636218754956e-06,0.00018647543742829703
2,6.547039231914699e-05,3.10105283368402e-06,-1.848306815131835e-05,6.547039231914699e-05,-4.4233258233576864e-05,0.00021212407111403624
3,5.359792899857277e-05,1.5153338263123663e-05,-2.0534821266115058e-05,5.359792899857277e-05,-3.409064393733173e-05,0.00017365728995537578
4,2.6765533899526015e-05,1.221196805482734e-06,1.0942109481387509e-05,2.6765533899526015e-05,6.33303307264871e-06,8.672032983446429e-05
5,4.041524308079746e-05,-1.5431766067059928e-05,-2.3858374115873325e-05,4.041524308079746e-05,1.294085837612708e-05,0.0001309453875817838
6,9.320482955248063e-05,-2.592495296326362e-05,2.634913021939122e-05,9.320482955248063e-05,-7.226633026934218e-06,0.0003019836477500373
7,6.632970517813925e-05,-7.332743041064261e-06,-3.938552536600074e-05,6.632970517813925e-05,-3.6486080484675114e-05,0.0002149082447771712
8,6.50605698543585e-05,-1.2186106981973261e-05,4.39558307603229e-05,6.50605698543585e-05,2.611539742958231e-05,0.00021079624632812158
9,6.67282120770494e-05,-2.1545687578908128e-05,3.868551086300037e-05,6.67282120770494e-05,-4.249395519576144e-06,0.0002161994071296401
10,3.2910748616067054e-05,-8.510119749246307e-06,1.690047800159456e-05,3.2910748616067054e-05,1.2251622612600645e-05,0.00010663082551605727
11,7.30805597408427e-05,4.916741312968564e-06,1.576925786432056e-05,7.30805597408427e-05,-4.373141992499921e-05,0.0002367810135603304
12,3.3572404216910706e-05,-4.5695745220311e-06,-1.7185215773841525e-05,3.3572404216910706e-05,-1.9173190865537782e-05,0.0001087745896627907
13,6.448335024735206e-05,4.181675090200083e-06,-1.4219061159780843e-05,6.448335024735206e-05,8.442051091353145e-06,0.00020892605480142074
14,4.2223243289122056e-05,9.550398629275238e-06,-2.5370629531958676e-05,4.2223243289122056e-05,-8.111931017807994e-07,0.00013680330825675547
15,5.406477637845174e-05,-1.1466316828116891e-06,-1.8141708478570232e-05,5.406477637845174e-05,-1.3112905671177593e-05,0.00017516987546618363
