baseline_id,from_station,to_station,dx,dy,dz
0,S03,S04,-6330.266275260253,-3356.7869614359506,37.947901983754605
1,S02,S06,5496.875181343297,-1528.606502472409,42.92827610363439
2,S04,S06,5157.511132988224,3723.763510969491,63.77698555986865
3,S04,S05,2426.882555314312,4763.767538734527,-120.97205528793201
4,S01,S03,-974.5837796275235,886.9650498404853,170.3480479037191
5,S00,S07,-3305.415401456943,-2116.4011197847676,101.55890148750937
6,S02,S07,3492.367558591866,-7483.839959418545,19.645343206690683
7,S03,S07,-3177.2631535126184,-5588.251701121821,78.42815369038337
8,S00,S05,-4031.5742944234685,4878.8569794329005,-60.02029119447901
9,S00,S04,-6458.438268824918,115.08289599480688,61.04646838501466
10,S02,S05,2766.203725861341,-488.57155300018826,-141.93221704161564
11,S02,S03,6669.6250736036745,-1895.5784840605809,-58.77135797276625
12,S05,S06,2730.6640705857885,-1040.0364905909948,184.8489508729045
13,S06,S07,-2004.5109970154956,-5955.240816520576,-23.288916663015602
14,S03,S05,-3903.3978434699743,1407.0137414082926,-83.16346640727515
15,S01,S05,-4878.002010858185,2293.965163005391,87.21294991032353
