run_id,scenario,method,seed,rmse_m,mean_pos_error_m,max_pos_error_m,tp,fp,fn,precision,recall,f1,fpr,localization_correct,iterations,converged,runtime_s,condition_number,variance_factor,n_flagged,n_true_outliers
0,single-outlier,WLS,1000,0.02399503154144876,0.03169186708500687,0.09682995946501015,0,0,1,0.0,0.0,0.0,0.0,False,1,True,0.0007679580012336373,90.3475735096742,40.99374904459984,0,1
0,single-outlier,DIA-reject,1000,0.006766410232010568,0.010349357554958114,0.020093231050291278,1,0,0,1.0,1.0,1.0,0.0,True,2,True,0.003723040979821235,88.44426667442795,0.884676611293283,1,1
0,single-outlier,DIA-inflate,1000,0.00682208266863987,0.010514377590326918,0.020000968728897794,1,0,0,1.0,1.0,1.0,0.0,True,2,True,0.003807708009844646,88.44743501867354,1.4325440312381443,1,1
0,single-outlier,Huber,1000,0.007418812249523371,0.011819051022051429,0.019523352505374042,1,0,0,1.0,1.0,1.0,0.0,True,7,True,0.004995541996322572,88.47247282399195,4.818093442913977,1,1
0,single-outlier,Hampel,1000,0.006766410232418484,0.010349357556762046,0.020093231047934694,1,0,0,1.0,1.0,1.0,0.0,True,4,True,0.003280249977251515,88.44426667442795,0.7863792100422544,1,1
1,single-outlier,WLS,1001,0.021166000059161524,0.02617859587086029,0.0878095550871238,0,0,1,0.0,0.0,0.0,0.0,False,1,True,0.0006569160032086074,89.4983034353831,13.105920888038868,0,1
1,single-outlier,DIA-reject,1001,0.009302975257911515,0.015231232741471411,0.025617560401376974,1,0,0,1.0,1.0,1.0,0.0,True,2,True,0.003486250003334135,85.64396560861255,0.8868266672632948,1,1
1,single-outlier,DIA-inflate,1001,0.0093534096526312,0.015274972259818567,0.026322134387852407,1,0,0,1.0,1.0,1.0,0.0,True,2,True,0.003796999983023852,85.67632501805373,0.9705880148926087,1,1
1,single-outlier,Huber,1001,0.010293149500252797,0.01599356215367537,0.03485609775830846,1,0,0,1.0,1.0,1.0,0.0,True,7,True,0.004882750014076009,86.05476560111951,2.9282533537445508,1,1
1,single-outlier,Hampel,1001,0.009302975257511037,0.015231232740766043,0.025617560400934002,1,0,0,1.0,1.0,1.0,0.0,True,4,True,0.0032986669975798577,85.64396560861255,0.7882903708996188,1,1
2,single-outlier,WLS,1002,0.02413229312757881,0.03081843628737424,0.09130791398473458,0,0,1,0.0,0.0,0.0,0.0,False,1,True,0.0006362079875543714,74.24395034479792,21.64012357368592,0,1
2,single-outlier,DIA-reject,1002,0.003946674293416411,0.006290533577382904,0.010701451070873303,1,0,0,1.0,1.0,1.0,0.0,True,2,True,0.0034257500083185732,74.63258734722176,0.7293901001300882,1,1
2,single-outlier,DIA-inflate,1002,0.004117187397065348,0.006543589090426705,0.01149776299227844,1,0,0,1.0,1.0,1.0,0.0,True,2,True,0.0035375419829506427,74.61958893594922,1.067860378595222,1,1
2,single-outlier,Huber,1002,0.006240439457338158,0.00950507893289226,0.02100144533797284,1,0,0,1.0,1.0,1.0,0.0,True,16,True,0.010131083021406084,74.53496178261295,3.9031430149674358,1,1
2,single-outlier,Hampel,1002,0.003946674293492093,0.006290533577566781,0.010701451071024794,1,0,0,1.0,1.0,1.0,0.0,True,4,True,0.0031592090090271086,74.63258734722176,0.6483467556753233,1,1
3,single-outlier,WLS,1003,0.023497888990670856,0.029634347133561743,0.09450121384779106,0,0,1,0.0,0.0,0.0,0.0,False,1,True,0.0006309169984888285,94.65096616387235,21.84794421179114,0,1
3,single-outlier,DIA-reject,1003,0.004721700398519478,0.0074270602477020066,0.01263593230945929,1,0,0,1.0,1.0,1.0,0.0,True,2,True,0.003487916983431205,94.25412981666744,0.6960466365989196,1,1
3,single-outlier,DIA-inflate,1003,0.004631599244288573,0.007269648366035599,0.01239450994673654,1,0,0,1.0,1.0,1.0,0.0,True,2,True,0.0035346249933354557,94.23112836829463,0.9939307290928177,1,1
3,single-outlier,Huber,1003,0.005214364186368023,0.007981176199585445,0.014702549357232655,1,0,0,1.0,1.0,1.0,0.0,True,8,True,0.005357459012884647,94.08452653839471,3.6934077545389408,1,1
3,single-outlier,Hampel,1003,0.004721700398528097,0.007427060247750714,0.012635932309713936,1,0,0,1.0,1.0,1.0,0.0,True,4,True,0.0031205000123009086,94.25412981666744,0.6187081214032792,1,1
4,single-outlier,WLS,1004,0.024530349288658312,0.03237068255656351,0.0919584403060423,0,0,1,0.0,0.0,0.0,0.0,False,1,True,0.0006303749978542328,44.4427252667819,47.92407992129603,0,1
4,single-outlier,DIA-reject,1004,0.005665155696084366,0.009396271691435998,0.013418792383280396,1,0,0,1.0,1.0,1.0,0.0,True,2,True,0.003428083990002051,44.01459611228733,1.482509666759875,1,1
4,single-outlier,DIA-inflate,1004,0.005586671664559925,0.009282847648237913,0.01342416912550838,1,0,0,1.0,1.0,1.0,0.0,True,2,False,0.003443291992880404,44.017528765846535,2.0426975222335932,1,1
4,single-outlier,Huber,1004,0.005646421136607512,0.0091418422312354,0.014467618602573614,1,0,0,1.0,1.0,1.0,0.0,True,17,True,0.010727832996053621,44.22040639921234,5.550166365646143,1,1
4,single-outlier,Hampel,1004,0.005662773542259172,0.009403427967893849,0.01340340306987518,1,0,0,1.0,1.0,1.0,0.0,True,10,True,0.006669791997410357,44.603123392664635,1.2929555129987504,1,1
5,single-outlier,WLS,1005,0.019116109927386896,0.02861485906432591,0.06825529359750608,0,0,1,0.0,0.0,0.0,0.0,False,1,True,0.0006280000088736415,58.03294971993208,31.290557502339343,0,1
5,single-outlier,DIA-reject,1005,0.00862647635581391,0.014118717081349683,0.020521893742789524,1,0,0,1.0,1.0,1.0,0.0,True,2,True,0.0033974170219153166,55.530697818488576,0.946397972394855,1,1
5,single-outlier,DIA-inflate,1005,0.008530661088869403,0.013946291760696589,0.020211522310236256,1,0,0,1.0,1.0,1.0,0.0,True,2,True,0.003523167019011453,55.511308759666036,1.3408015256938925,1,1
5,single-outlier,Huber,1005,0.008198056727143209,0.013301939441342737,0.019043193798199246,1,0,0,1.0,1.0,1.0,0.0,True,7,True,0.00488908399711363,55.39441656039738,4.386711157576439,1,1
5,single-outlier,Hampel,1005,0.008626476356020537,0.014118717081839354,0.020521893743672248,1,0,0,1.0,1.0,1.0,0.0,True,4,True,0.00316904200008139,55.530697818488576,0.841242642129916,1,1
6,single-outlier,WLS,1006,0.031365004804449634,0.040120095018776315,0.11907683840831287,0,0,1,0.0,0.0,0.0,0.0,False,1,True,0.0006348330061882734,82.97804931507443,18.945202383532695,0,1
6,single-outlier,DIA-reject,1006,0.006933757918837494,0.010537192307346408,0.021551684544769575,1,0,0,1.0,1.0,1.0,0.0,True,2,True,0.0036217080196365714,94.27561101778787,1.0751051092016761,1,1
6,single-outlier,DIA-inflate,1006,0.007095374841097675,0.010684242099415524,0.02233077832321544,1,0,0,1.0,1.0,1.0,0.0,True,2,True,0.0035122920235153288,93.87283787544236,1.3901354815789502,1,1
6,single-outlier,Huber,1006,0.010787160636095604,0.014661654951835325,0.03894088350381472,1,0,0,1.0,1.0,1.0,0.0,True,21,True,0.013154250016668811,93.452888524601,4.175505603434996,1,1
6,single-outlier,Hampel,1006,0.006933757919361476,0.010537192308167687,0.021551684546285928,1,0,0,1.0,1.0,1.0,0.0,True,5,True,0.0037449159717652947,94.27561101778787,0.9556489859578909,1,1
7,single-outlier,WLS,1007,0.0318610205064482,0.04493648083343449,0.10375021831245208,0,0,1,0.0,0.0,0.0,0.0,False,1,True,0.000656250020256266,90.52494988107611,40.75378469942353,0,1
7,single-outlier,DIA-reject,1007,0.010646463038400679,0.01599427820147732,0.03113758832356992,1,0,0,1.0,1.0,1.0,0.0,True,2,True,0.0035158750251866877,94.70472612001909,1.0899791373744885,1,1
7,single-outlier,DIA-inflate,1007,0.010496563376350285,0.0158155600654846,0.03100803008964912,1,0,0,1.0,1.0,1.0,0.0,True,2,False,0.0034852090175263584,94.60601711213401,1.6396741417375738,1,1
7,single-outlier,Huber,1007,0.010203619796348902,0.015542334047458443,0.030960213159895666,1,0,0,1.0,1.0,1.0,0.0,True,8,True,0.005530666996492073,94.11348149045494,5.078381604862694,1,1
7,single-outlier,Hampel,1007,0.010646463039885229,0.015994278203495603,0.031137588327327215,1,0,0,1.0,1.0,1.0,0.0,True,4,True,0.003130875003989786,94.70472612001909,0.9688703443406737,1,1
8,single-outlier,WLS,1008,0.048353364475029796,0.08152120379281831,0.11200307951422094,0,0,1,0.0,0.0,0.0,0.0,False,1,True,0.0006407080218195915,53.50095753494832,28.598834718808938,0,1
8,single-outlier,DIA-reject,1008,0.007608948222000911,0.0123806600368901,0.017542651771750892,1,0,0,1.0,1.0,1.0,0.0,True,2,True,0.0035426249960437417,79.78430039039326,1.172688067689457,1,1
8,single-outlier,DIA-inflate,1008,0.008245028352091488,0.013521000184845143,0.018485687493580066,1,0,0,1.0,1.0,1.0,0.0,True,2,False,0.003530625021085143,79.11426986659563,1.58547794788174,1,1
8,single-outlier,Huber,1008,0.012429553064908665,0.020808045608747473,0.02813593788498477,1,0,0,1.0,1.0,1.0,0.0,True,8,True,0.005469666997669265,75.30961883177369,4.74528981009476,1,1
8,single-outlier,Hampel,1008,0.007608948221507559,0.0123806600359965,0.01754265177095614,1,0,0,1.0,1.0,1.0,0.0,True,4,True,0.0032107919978443533,79.78430039039326,1.0423893934985569,1,1
9,single-outlier,WLS,1009,0.020041857654421406,0.02885416357508972,0.062282112957302786,0,0,1,0.0,0.0,0.0,0.0,False,1,True,0.0006771249754820019,93.62848055530803,41.932995961945366,0,1
9,single-outlier,DIA-reject,1009,0.005802554648682213,0.008738018220798534,0.018109664339589507,1,0,0,1.0,1.0,1.0,0.0,True,2,True,0.003400500019779429,93.96574647658598,1.355198752670389,1,1
9,single-outlier,DIA-inflate,1009,0.00580495046945109,0.008799324257062435,0.017820414163748532,1,0,0,1.0,1.0,1.0,0.0,True,2,False,0.0034699579991865903,93.96068546271913,1.7420688542535614,1,1
9,single-outlier,Huber,1009,0.006665283306226257,0.010364269709119769,0.018477955870587075,1,0,0,1.0,1.0,1.0,0.0,True,7,True,0.0048770420253276825,97.3488154960916,4.80110378324138,1,1
9,single-outlier,Hampel,1009,0.006308450149872876,0.009620088703174743,0.018783208686960495,1,0,0,1.0,1.0,1.0,0.0,True,8,True,0.005627125006867573,97.25700063074127,1.1327697349437682,1,1
10,single-outlier,WLS,1010,0.026397295108647773,0.040995025278641836,0.08179716377077438,0,0,1,0.0,0.0,0.0,0.0,False,1,True,0.0006315000064205378,86.89037098953581,29.999697368467267,0,1
10,single-outlier,DIA-reject,1010,0.004347513205851959,0.007233819385121078,0.010560101385657156,1,0,0,1.0,1.0,1.0,0.0,True,2,True,0.003361167007824406,93.10658905293866,0.7693564072396297,1,1
10,single-outlier,DIA-inflate,1010,0.004572999165126704,0.007582527920923671,0.011098837137838345,1,0,0,1.0,1.0,1.0,0.0,True,2,True,0.003512999974191189,92.96872748322137,1.2241520584817067,1,1
10,single-outlier,Huber,1010,0.006466674768777114,0.010455150020402286,0.01574768843170107,1,0,0,1.0,1.0,1.0,0.0,True,8,True,0.005400041991379112,92.18451676918706,4.3748523351988124,1,1
10,single-outlier,Hampel,1010,0.004347513205827527,0.0072338193850823625,0.010560101385580566,1,0,0,1.0,1.0,1.0,0.0,True,4,True,0.0032005420071072876,93.10658905293866,0.6838723619988359,1,1
11,single-outlier,WLS,1011,0.014401368794492529,0.02029295043196222,0.042410161342505664,0,0,1,0.0,0.0,0.0,0.0,False,1,True,0.0006226669938769192,93.77194586474265,37.899764790754425,0,1
11,single-outlier,DIA-reject,1011,0.006303808375991299,0.010595776880654365,0.0149111656887068,1,0,0,1.0,1.0,1.0,0.0,True,2,True,0.0034201249945908785,93.78067386500966,1.1832177775093495,1,1
11,single-outlier,DIA-inflate,1011,0.0062809284927861555,0.010564029475620478,0.014706608971915369,1,0,0,1.0,1.0,1.0,0.0,True,2,False,0.003599999996367842,93.78025641640528,1.5233261957855493,1,1
11,single-outlier,Huber,1011,0.00625097936095101,0.01050204506629237,0.014276771880036813,1,0,0,1.0,1.0,1.0,0.0,True,6,True,0.004278499982319772,93.77772528316065,4.490200688762671,1,1
11,single-outlier,Hampel,1011,0.006303808376786695,0.010595776881928032,0.014911165690010048,1,0,0,1.0,1.0,1.0,0.0,True,4,True,0.0031719590188004076,93.78067386500966,1.0517491355919455,1,1
12,single-outlier,WLS,1012,0.026350768443919016,0.030246768050778222,0.11046773423247773,0,0,1,0.0,0.0,0.0,0.0,False,1,True,0.0006499169976450503,71.18633816244342,20.77088695029367,0,1
12,single-outlier,DIA-reject,1012,0.004225034653981504,0.007056787691505796,0.0099170159141676,1,0,0,1.0,1.0,1.0,0.0,True,2,True,0.003407666983548552,72.94381986911475,0.6928907865866515,1,1
12,single-outlier,DIA-inflate,1012,0.004056452472937233,0.006763332889375041,0.009784623389496698,1,0,0,1.0,1.0,1.0,0.0,True,2,True,0.00349183299113065,72.908285610904,1.035149770454876,1,1
12,single-outlier,Huber,1012,0.00509175911273987,0.006956100094447225,0.019651155666957378,1,0,0,1.0,1.0,1.0,0.0,True,9,True,0.006102417013607919,72.6666924635638,3.871001925120264,1,1
12,single-outlier,Hampel,1012,0.004225034653829402,0.007056787691174801,0.009917015914923239,1,0,0,1.0,1.0,1.0,0.0,True,4,True,0.0032447920239064842,72.94381986911475,0.6159029214164468,1,1
13,single-outlier,WLS,1013,0.02094475283960934,0.033318849584887136,0.06089225278646314,0,0,1,0.0,0.0,0.0,0.0,False,1,True,0.0006272500031627715,93.76182894422543,31.15855051371916,0,1
13,single-outlier,DIA-reject,1013,0.007963808396926998,0.012680563559326131,0.02265606107863004,1,0,0,1.0,1.0,1.0,0.0,True,2,True,0.0033791669993661344,97.3007962417566,0.7498799813083457,1,1
13,single-outlier,DIA-inflate,1013,0.008008471025917343,0.012760074158073493,0.02280685451060193,1,0,0,1.0,1.0,1.0,0.0,True,2,True,0.003492125018965453,97.22916726774376,1.1205473088713656,1,1
13,single-outlier,Huber,1013,0.008498332008225437,0.013592635293469043,0.023989869340979273,1,0,0,1.0,1.0,1.0,0.0,True,7,True,0.004836457985220477,96.7890057500918,4.043846649995818,1,1
13,single-outlier,Hampel,1013,0.00796380839688037,0.012680563559259648,0.022656061078359043,1,0,0,1.0,1.0,1.0,0.0,True,4,True,0.0031480419856961817,97.3007962417566,0.6665599833814227,1,1
14,single-outlier,WLS,1014,0.028638038935701052,0.042974316454926935,0.08918253663746203,0,0,1,0.0,0.0,0.0,0.0,False,1,True,0.0006288750155363232,91.55795301394409,36.0755032372312,0,1
14,single-outlier,DIA-reject,1014,0.007726781171511771,0.012259635613610388,0.021918926162133628,1,0,0,1.0,1.0,1.0,0.0,True,2,True,0.0034903750056400895,79.3942463834759,0.8344682506624164,1,1
14,single-outlier,DIA-inflate,1014,0.0077462090780118596,0.012224600427529554,0.021688019811029673,1,0,0,1.0,1.0,1.0,0.0,True,2,False,0.0035088750009890646,79.42946263676767,1.6296440730298003,1,1
14,single-outlier,Huber,1014,0.008561370922596609,0.013571591129041707,0.02075057580790449,1,0,0,1.0,1.0,1.0,0.0,True,10,True,0.006646916997851804,79.61092394974654,5.489723522012275,1,1
14,single-outlier,Hampel,1014,0.007726781171193892,0.01225963561299205,0.02191892616168308,1,0,0,1.0,1.0,1.0,0.0,True,5,True,0.0038304170011542737,79.3942463834759,0.7417495561468728,1,1
15,single-outlier,WLS,1015,0.019964140899233283,0.03048424686747148,0.05172581975449384,0,0,1,0.0,0.0,0.0,0.0,False,1,True,0.0006327909941319376,70.83205594267271,16.91053927339663,0,1
15,single-outlier,DIA-reject,1015,0.009045560004132584,0.015356852968843466,0.018623273462309853,1,0,0,1.0,1.0,1.0,0.0,True,2,True,0.003444291010964662,67.41705576467257,0.6198860278160534,1,1
15,single-outlier,DIA-inflate,1015,0.009053441208820423,0.01536703685844597,0.01883365180798061,1,0,0,1.0,1.0,1.0,0.0,True,2,True,0.00357258299482055,67.42240079362769,0.784833407391934,1,1
15,single-outlier,Huber,1015,0.009454695537582576,0.015818239615058693,0.021525632461929796,1,0,0,1.0,1.0,1.0,0.0,True,7,True,0.004809417005162686,67.48262110180134,2.9739879597984054,1,1
15,single-outlier,Hampel,1015,0.00904556000451295,0.015356852969561323,0.01862327346140266,1,0,0,1.0,1.0,1.0,0.0,True,4,True,0.003321750002214685,67.41705576467257,0.5510098025079172,1,1
16,single-outlier,WLS,1016,0.02932274097355667,0.03810940506319816,0.1107901865976329,0,0,1,0.0,0.0,0.0,0.0,False,1,True,0.0006376670207828283,84.05441444319331,21.032088865150413,0,1
16,single-outlier,DIA-reject,1016,0.0073526138867728305,0.011120285608906487,0.024023919441150315,1,0,0,1.0,1.0,1.0,0.0,True,2,True,0.003443959023570642,82.7288118742255,0.8702467825912888,1,1
16,single-outlier,DIA-inflate,1016,0.00762462707004692,0.011436246649419701,0.025848609672675542,1,0,0,1.0,1.0,1.0,0.0,True,2,True,0.003652500017778948,82.73462994337129,1.3330052410126474,1,1
16,single-outlier,Huber,1016,0.010079827420676129,0.014225547592861773,0.03804116847521101,1,0,0,1.0,1.0,1.0,0.0,True,11,True,0.007379375019809231,82.77872368207005,4.5471297768476,1,1
16,single-outlier,Hampel,1016,0.007352613886945753,0.011120285609246081,0.02402391944208095,1,0,0,1.0,1.0,1.0,0.0,True,4,True,0.0033461670100223273,82.7288118742255,0.7735526956346358,1,1
17,single-outlier,WLS,1017,0.024382235554829608,0.036214531198790756,0.07161595994299072,0,0,1,0.0,0.0,0.0,0.0,False,1,True,0.0006292920152191073,74.40015593976021,24.51205287002641,0,1
17,single-outlier,DIA-reject,1017,0.005915230950305142,0.009856071610382837,0.013509874890273402,1,0,0,1.0,1.0,1.0,0.0,True,2,True,0.003420374996494502,77.12522228600146,0.7673129185766568,1,1
17,single-outlier,DIA-inflate,1017,0.005896860360124793,0.00986851599858782,0.013302403559103901,1,0,0,1.0,1.0,1.0,0.0,True,2,True,0.003511832997901365,77.06834585055113,1.0920887029632085,1,1
17,single-outlier,Huber,1017,0.0066517978135538156,0.010941854981017797,0.016198864503974477,1,0,0,1.0,1.0,1.0,0.0,True,7,True,0.004761375021189451,76.69019963169202,3.895425590264065,1,1
17,single-outlier,Hampel,1017,0.005915230949710993,0.009856071609326082,0.013509874889565333,1,0,0,1.0,1.0,1.0,0.0,True,4,True,0.003280457982327789,77.12522228600146,0.6820559276236708,1,1
18,single-outlier,WLS,1018,0.01948622749453852,0.02385738815987326,0.07115267085596212,0,0,1,0.0,0.0,0.0,0.0,False,1,True,0.0006263329996727407,124.6688131703791,26.25132789497673,0,1
18,single-outlier,DIA-reject,1018,0.0063128883541614545,0.010509074721606145,0.015004299094037991,1,0,0,1.0,1.0,1.0,0.0,True,2,True,0.0034079170145560056,125.47040204082771,1.4442979545981445,1,1
18,single-outlier,DIA-inflate,1018,0.007085156523956998,0.011306263604121453,0.021484415688351605,1,1,0,0.5,1.0,0.6666666666666666,0.06666666666666667,False,3,True,0.0051382919773459435,119.18948749550117,1.2960045848293698,2,1
18,single-outlier,Huber,1018,0.006932339164109837,0.010994120355543039,0.021941744168430526,1,0,0,1.0,1.0,1.0,0.0,True,14,True,0.009039500000653788,121.94857884716461,5.034920716584401,1,1
18,single-outlier,Hampel,1018,0.006386972866488233,0.010621182604664025,0.014848742921350399,1,0,0,1.0,1.0,1.0,0.0,True,10,True,0.006787457998143509,123.69508721970736,1.192047901442769,1,1
19,single-outlier,WLS,1019,0.022910219812764542,0.03156450595473469,0.08468947336468778,0,0,1,0.0,0.0,0.0,0.0,False,1,True,0.0006331670156214386,33.22810375903733,32.85923775799088,0,1
19,single-outlier,DIA-reject,1019,0.004908389700560081,0.008104078931981016,0.011566237202105215,1,0,0,1.0,1.0,1.0,0.0,True,2,True,0.0034557499748189002,33.35458949519893,0.7236832352520102,1,1
19,single-outlier,DIA-inflate,1019,0.004845223367476704,0.007973213290075946,0.011513332222651917,1,0,0,1.0,1.0,1.0,0.0,True,2,True,0.003601500007789582,33.34544954892683,1.1248025759077218,1,1
19,single-outlier,Huber,1019,0.005166881145379755,0.008237066886165883,0.013012254178727981,1,0,0,1.0,1.0,1.0,0.0,True,7,True,0.004897624981822446,33.294713495570306,4.121525281280796,1,1
19,single-outlier,Hampel,1019,0.004908389700432443,0.008104078931785953,0.011566237201605305,1,0,0,1.0,1.0,1.0,0.0,True,4,True,0.003155124984914437,33.35458949519893,0.6432739868867877,1,1
20,single-outlier,WLS,1020,0.01572158589617306,0.022425924069924743,0.048632000920980675,0,0,1,0.0,0.0,0.0,0.0,False,1,True,0.0006241660157684237,84.81458714121796,27.97258912443705,0,1
20,single-outlier,DIA-reject,1020,0.0050454606800914405,0.008442245673137073,0.011143941804104824,1,0,0,1.0,1.0,1.0,0.0,True,2,True,0.0033870000042952597,76.30558572499591,1.4212740708230553,1,1
20,single-outlier,DIA-inflate,1020,0.004972097142845821,0.008343564910240414,0.011210923017027707,1,0,0,1.0,1.0,1.0,0.0,True,2,False,0.0035752909898292273,76.37048480816118,1.669239991831471,1,1
20,single-outlier,Huber,1020,0.0047989806962999565,0.008037585492501359,0.011744905058413527,1,0,0,1.0,1.0,1.0,0.0,True,8,True,0.005423666996648535,76.84725333746117,4.457209995280419,1,1
20,single-outlier,Hampel,1020,0.005045460680193429,0.008442245673192789,0.011143941804039624,1,0,0,1.0,1.0,1.0,0.0,True,5,True,0.0038372499984689057,76.30558572499591,1.2633547296193655,1,1
21,single-outlier,WLS,1021,0.03309790360832218,0.04035057167499161,0.13447190295242184,0,0,1,0.0,0.0,0.0,0.0,False,1,True,0.0006332499906420708,38.22394633385179,17.278418576341416,0,1
21,single-outlier,DIA-reject,1021,0.0069318034950476455,0.01119569846974472,0.020803031949894392,1,0,0,1.0,1.0,1.0,0.0,True,2,True,0.0034789580095093697,42.587912175575205,1.1724159801872391,1,1
21,single-outlier,DIA-inflate,1021,0.007147907698359892,0.01161269886233172,0.020830664350387672,1,0,0,1.0,1.0,1.0,0.0,True,2,False,0.0034688749874476343,42.22236245176298,1.622506396071117,1,1
21,single-outlier,Huber,1021,0.011718726667305245,0.017408147427393005,0.04043425770084477,1,0,0,1.0,1.0,1.0,0.0,True,47,True,0.02803720801603049,41.86610042063104,4.89496226497561,1,1
21,single-outlier,Hampel,1021,0.006931803495104367,0.011195698469851348,0.020803031949894392,1,0,0,1.0,1.0,1.0,0.0,True,5,True,0.0038434579910244793,42.587912175575205,1.0421475379446778,1,1
22,single-outlier,WLS,1022,0.028823941695709097,0.040752914243194265,0.10220694379191335,0,0,1,0.0,0.0,0.0,0.0,False,1,True,0.000635957985650748,75.56771625602536,36.988985972207196,0,1
22,single-outlier,DIA-reject,1022,0.005860325668419387,0.009568689956948715,0.013320754823901796,1,0,0,1.0,1.0,1.0,0.0,True,2,True,0.0034288330061826855,75.11729214738104,0.9541910102106631,1,1
22,single-outlier,DIA-inflate,1022,0.005902359697525393,0.00958011057037998,0.01353528525892424,1,0,0,1.0,1.0,1.0,0.0,True,2,False,0.003558041003998369,75.12062650818275,1.7480213916481246,1,1
22,single-outlier,Huber,1022,0.007055443083178005,0.011813206170352277,0.015351560115507026,1,0,0,1.0,1.0,1.0,0.0,True,17,True,0.010590541001874954,74.81682543848638,5.616296015158337,1,1
22,single-outlier,Hampel,1022,0.0058603256684890736,0.00956868995705043,0.01332075482417534,1,0,0,1.0,1.0,1.0,0.0,True,4,True,0.003238791978219524,75.11729214738104,0.8481697868540187,1,1
23,single-outlier,WLS,1023,0.038353513824083495,0.06387815309387822,0.0994998834046595,0,0,1,0.0,0.0,0.0,0.0,False,1,True,0.0007299579738173634,77.98267566415923,23.740174027441746,0,1
23,single-outlier,DIA-reject,1023,0.006364355648577285,0.009442312264767503,0.018895550650462202,1,0,0,1.0,1.0,1.0,0.0,True,2,True,0.0034547919931355864,114.91054606284663,0.7652820402085657,1,1
23,single-outlier,DIA-inflate,1023,0.006421551350382793,0.009536959580885417,0.018864438375191823,1,0,0,1.0,1.0,1.0,0.0,True,2,True,0.0035048749996349216,114.1917752490267,1.0816693528615793,1,1
23,single-outlier,Huber,1023,0.008366565344456659,0.013264062659927172,0.022500225497890127,1,0,0,1.0,1.0,1.0,0.0,True,8,True,0.005525832995772362,109.29085231258189,3.8600239155115226,1,1
23,single-outlier,Hampel,1023,0.006364355648773281,0.009442312265083738,0.018895550650874192,1,0,0,1.0,1.0,1.0,0.0,True,4,True,0.003141207998851314,114.91054606284663,0.6802507024018232,1,1
24,single-outlier,WLS,1024,0.02293883090292703,0.027407304083063078,0.09391617231858804,0,0,1,0.0,0.0,0.0,0.0,False,1,True,0.000687749998178333,58.86546686464189,40.82547278275434,0,1
24,single-outlier,DIA-reject,1024,0.005977202702570418,0.009767052976557925,0.015078498655727544,1,0,0,1.0,1.0,1.0,0.0,True,2,True,0.003446290997089818,57.4222860492367,1.0704140149593304,1,1
24,single-outlier,DIA-inflate,1024,0.005902779839372807,0.009650461479764741,0.014971078791350269,1,0,0,1.0,1.0,1.0,0.0,True,2,False,0.0035201669961679727,57.41155155734099,1.5737103360891462,1,1
24,single-outlier,Huber,1024,0.0059224824951580905,0.009724306251454361,0.01439500034622332,1,0,0,1.0,1.0,1.0,0.0,True,8,True,0.005478374980157241,57.362705079296695,4.906896988555883,1,1
24,single-outlier,Hampel,1024,0.005977202702196631,0.009767052975872952,0.015078498654996421,1,0,0,1.0,1.0,1.0,0.0,True,4,True,0.0031459589954465628,57.4222860492367,0.9514791244043859,1,1
25,single-outlier,WLS,1025,0.049721404382704164,0.038023874896474075,0.22718173407456907,0,0,1,0.0,0.0,0.0,0.0,False,1,True,0.0006470420048572123,65.67218624853885,1.1603750966977762,0,1
25,single-outlier,DIA-reject,1025,0.049721404382704164,0.038023874896474075,0.22718173407456907,0,0,1,0.0,0.0,0.0,0.0,False,1,True,0.002094708994263783,65.67218624853885,1.1603750966977762,0,1
25,single-outlier,DIA-inflate,1025,0.049721404382704164,0.038023874896474075,0.22718173407456907,0,0,1,0.0,0.0,0.0,0.0,False,1,True,0.0020457500068005174,65.67218624853885,1.1603750966977762,0,1
25,single-outlier,Huber,1025,0.049721404382704164,0.038023874896474075,0.22718173407456907,0,0,1,0.0,0.0,0.0,0.0,False,2,True,0.0019477499881759286,65.67218624853885,1.1603750966977762,0,1
25,single-outlier,Hampel,1025,0.049721404382704164,0.038023874896474075,0.22718173407456907,0,0,1,0.0,0.0,0.0,0.0,False,2,True,0.00202020799042657,65.67218624853885,1.1603750966977762,0,1
26,single-outlier,WLS,1026,0.025275693783782978,0.03832322608554415,0.08365640270989776,0,0,1,0.0,0.0,0.0,0.0,False,1,True,0.0006244590040296316,110.39671471213994,32.35914530645342,0,1
26,single-outlier,DIA-reject,1026,0.010242128906721628,0.016615879335397345,0.025338851905318677,1,0,0,1.0,1.0,1.0,0.0,True,2,True,0.0033731669827830046,111.74736998332521,0.900806109572878,1,1
26,single-outlier,DIA-inflate,1026,0.010369044538401376,0.01677892927471811,0.025238647965204405,1,0,0,1.0,1.0,1.0,0.0,True,2,True,0.0034734999935608357,111.68739906306362,1.3899876494128518,1,1
26,single-outlier,Huber,1026,0.011309776354529547,0.01807905826759264,0.02569270162514875,1,0,0,1.0,1.0,1.0,0.0,True,9,True,0.005903833982301876,111.36770303755071,4.65595231135437,1,1
26,single-outlier,Hampel,1026,0.010242128906701252,0.016615879335313388,0.02533885190526902,1,0,0,1.0,1.0,1.0,0.0,True,5,True,0.0037529580004047602,111.74736998332521,0.8007165418425936,1,1
27,single-outlier,WLS,1027,0.030315844731011357,0.04904196402798019,0.08944372837805707,0,0,1,0.0,0.0,0.0,0.0,False,1,True,0.0006311250035651028,118.18411629326161,33.79835501671666,0,1
27,single-outlier,DIA-reject,1027,0.011343424066268254,0.01924344777376307,0.026842757476225092,1,0,0,1.0,1.0,1.0,0.0,True,2,True,0.003392209007870406,121.16416910590311,1.1379619006404635,1,1
27,single-outlier,DIA-inflate,1027,0.011621290070555373,0.01970352779361467,0.02749612876352917,1,0,0,1.0,1.0,1.0,0.0,True,2,False,0.0035622080031316727,121.10244219284155,1.5783935240811213,1,1
27,single-outlier,Huber,1027,0.013309186427325257,0.022473780710385267,0.03118525032564851,1,0,0,1.0,1.0,1.0,0.0,True,8,True,0.005398542009061202,120.76030835191872,4.790082880217251,1,1
27,single-outlier,Hampel,1027,0.011343424067543746,0.019243447775937044,0.026842757478737683,1,0,0,1.0,1.0,1.0,0.0,True,4,True,0.0032288329966831952,121.16416910590311,1.0115216894554815,1,1
28,single-outlier,WLS,1028,0.017316058477034314,0.02282601539144257,0.06164619020338602,0,0,1,0.0,0.0,0.0,0.0,False,1,True,0.0006270410085562617,45.571474534542816,12.293363439931612,0,1
28,single-outlier,DIA-reject,1028,0.0035833306528667355,0.005981806533915133,0.008131375460206192,1,0,0,1.0,1.0,1.0,0.0,True,2,True,0.0033980419975705445,46.155456405658214,1.1412148479260429,1,1
28,single-outlier,DIA-inflate,1028,0.0034346477901483607,0.0057343703879466235,0.008061105100391798,1,0,0,1.0,1.0,1.0,0.0,True,2,True,0.003599959018174559,46.14151351223717,1.2268654296568324,1,1
28,single-outlier,Huber,1028,0.0038643828549824845,0.00616117296968917,0.01036097162501716,1,0,0,1.0,1.0,1.0,0.0,True,8,True,0.00538758299080655,46.00682731550975,3.32907263051826,1,1
28,single-outlier,Hampel,1028,0.003583330652783222,0.0059818065337248595,0.008131375460206192,1,0,0,1.0,1.0,1.0,0.0,True,4,True,0.0032092919864226133,46.155456405658214,1.0144131981458746,1,1
29,single-outlier,WLS,1029,0.03083854618281043,0.03577856545114671,0.11318683866253058,0,0,1,0.0,0.0,0.0,0.0,False,1,True,0.0006299169908743352,75.64770677229149,41.23665031868316,0,1
29,single-outlier,DIA-reject,1029,0.00981357879868373,0.015258487656040015,0.032093622339682236,1,0,0,1.0,1.0,1.0,0.0,True,2,True,0.0033966250193770975,75.83972507401553,0.821410042119696,1,1
29,single-outlier,DIA-inflate,1029,0.009591230541294512,0.014871434279810716,0.03192517699802173,1,0,0,1.0,1.0,1.0,0.0,True,2,False,0.0035477089986670762,75.8329459689297,1.559455960094131,1,1
29,single-outlier,Huber,1029,0.009357451680099297,0.013814671244714739,0.03115632861224683,1,0,0,1.0,1.0,1.0,0.0,True,10,True,0.006441000004997477,75.80338893302986,5.309065745314745,1,1
29,single-outlier,Hampel,1029,0.009813578798530453,0.01525848765567581,0.032093622339547614,1,0,0,1.0,1.0,1.0,0.0,True,5,True,0.00374399998690933,75.83972507401553,0.7301422596644755,1,1
30,single-outlier,WLS,1030,0.024839607679435532,0.03754658315183619,0.06422389585434306,0,0,1,0.0,0.0,0.0,0.0,False,1,True,0.0006205830140970647,67.78681981592591,12.786838185743768,0,1
30,single-outlier,DIA-reject,1030,0.007447087331900635,0.012120975161126521,0.019345347266249785,1,0,0,1.0,1.0,1.0,0.0,True,2,True,0.003433249978115782,62.28839684536297,1.0111637028084777,1,1
30,single-outlier,DIA-inflate,1030,0.007579667824602047,0.012283899274537543,0.019991596151032645,1,0,0,1.0,1.0,1.0,0.0,True,2,True,0.003592749999370426,62.15227900287493,1.1288909440199095,1,1
30,single-outlier,Huber,1030,0.009964628423058505,0.015919778393483932,0.02590551350508036,1,0,0,1.0,1.0,1.0,0.0,True,8,True,0.00548570801038295,61.21865409390182,3.304326385103378,1,1
30,single-outlier,Hampel,1030,0.007447087331482704,0.012120975160475372,0.019345347264587007,1,0,0,1.0,1.0,1.0,0.0,True,4,True,0.0031637090141884983,62.28839684536297,0.898812180264287,1,1
31,single-outlier,WLS,1031,0.03739861182041138,0.03983095739563485,0.16416578570910603,0,0,1,0.0,0.0,0.0,0.0,False,1,True,0.0006259170186240226,71.86087198848277,15.861238333277377,0,1
31,single-outlier,DIA-reject,1031,0.04874146996635999,0.04364889526958712,0.220458286000053,0,1,1,0.0,0.0,0.0,0.06666666666666667,False,2,True,0.0033775839838199317,72.86737550714254,1.009358555028243,1,1
31,single-outlier,DIA-inflate,1031,0.04849469461025228,0.043465935610305276,0.219319750079423,0,1,1,0.0,0.0,0.0,0.06666666666666667,False,2,True,0.0035663750022649765,72.83226667469336,1.1802238212070313,1,1
31,single-outlier,Huber,1031,0.04649156074059089,0.04213571973779615,0.20997931456855565,0,1,1,0.0,0.0,0.0,0.06666666666666667,False,12,True,0.0078114590141922235,72.56084702537046,3.568236004372393,1,1
31,single-outlier,Hampel,1031,0.048741469966466784,0.04364889527036679,0.22045828600017253,0,1,1,0.0,0.0,0.0,0.06666666666666667,False,4,True,0.003198332997271791,72.86737550714254,0.8972076044662224,1,1
32,single-outlier,WLS,1032,0.044772494762756944,0.07457463248987899,0.11758345882149797,0,0,1,0.0,0.0,0.0,0.0,False,1,True,0.0006287919823080301,45.26117077669657,46.7414481666196,0,1
32,single-outlier,DIA-reject,1032,0.007848653259302164,0.013222324243176398,0.017152332354089136,1,0,0,1.0,1.0,1.0,0.0,True,2,True,0.003514250012813136,57.71183267305153,1.4244245947909222,1,1
32,single-outlier,DIA-inflate,1032,0.0076717100077122215,0.012923006014595784,0.016243010305705366,1,0,0,1.0,1.0,1.0,0.0,True,2,False,0.0035652919905260205,57.51700317851508,2.056983203389718,1,1
32,single-outlier,Huber,1032,0.007946661374610427,0.013302629476932865,0.017401468881630165,1,0,0,1.0,1.0,1.0,0.0,True,11,True,0.007243250001920387,56.610683776433746,5.712140786957399,1,1
32,single-outlier,Hampel,1032,0.007850695991904588,0.013220768844093395,0.017166138517007396,1,0,0,1.0,1.0,1.0,0.0,True,9,True,0.006180500000482425,57.71537153151111,1.2584419237626148,1,1
33,single-outlier,WLS,1033,0.016236075286304316,0.02568014757676586,0.052416003904454826,0,0,1,0.0,0.0,0.0,0.0,False,1,True,0.0006731250032316893,122.3781929158744,19.681358158427624,0,1
33,single-outlier,DIA-reject,1033,0.004288730941116046,0.007031918877405057,0.012159586291753474,1,0,0,1.0,1.0,1.0,0.0,True,2,True,0.0034499580215197057,105.10103222859075,1.1957209925373145,1,1
33,single-outlier,DIA-inflate,1033,0.004348816668506106,0.007134991318206269,0.01228401259107341,1,0,0,1.0,1.0,1.0,0.0,True,2,True,0.0036397090007085353,105.1789537109398,1.302510381159075,1,1
33,single-outlier,Huber,1033,0.005191840532525439,0.008316174664771981,0.013503354445132084,1,0,0,1.0,1.0,1.0,0.0,True,11,True,0.007249832997331396,105.5236393912715,3.4857549202394105,1,1
33,single-outlier,Hampel,1033,0.004289085880747723,0.007032102880582767,0.012163074439800171,1,0,0,1.0,1.0,1.0,0.0,True,11,True,0.007312834000913426,105.06829144684734,1.0611349431554642,1,1
34,single-outlier,WLS,1034,0.03440257196630528,0.040910971135626105,0.1305839619002239,0,0,1,0.0,0.0,0.0,0.0,False,1,True,0.00064320900128223,114.35805097925021,24.414202828970993,0,1
34,single-outlier,DIA-reject,1034,0.0051496276444105635,0.008474403625465218,0.014444936823280156,1,0,0,1.0,1.0,1.0,0.0,True,2,True,0.0034712499764282256,114.84911654440464,0.7811037996682458,1,1
34,single-outlier,DIA-inflate,1034,0.005288493703873673,0.008613765164304206,0.015427605234185467,1,0,0,1.0,1.0,1.0,0.0,True,2,True,0.0036478750116657466,114.8384982283844,1.1622656466248196,1,1
34,single-outlier,Huber,1034,0.007786298494481717,0.011969370107535763,0.022879620940600833,1,0,0,1.0,1.0,1.0,0.0,True,13,True,0.008480208984110504,114.77204506311612,4.131612944819098,1,1
34,single-outlier,Hampel,1034,0.005149627644054453,0.008474403624836908,0.014444936822955851,1,0,0,1.0,1.0,1.0,0.0,True,4,True,0.0034561660140752792,114.84911654440464,0.6943144885932077,1,1
35,single-outlier,WLS,1035,0.02338604425980465,0.02857061528830649,0.07414118614544472,0,0,1,0.0,0.0,0.0,0.0,False,1,True,0.0006400830170605332,37.13121980207602,27.828516526745968,0,1
35,single-outlier,DIA-reject,1035,0.007539580156918796,0.012016906836349686,0.0179798432198517,1,0,0,1.0,1.0,1.0,0.0,True,2,True,0.0035865420068148524,37.593497338720496,1.200130131702483,1,1
35,single-outlier,DIA-inflate,1035,0.007608612509623684,0.012125800826506553,0.017858208010604663,1,0,0,1.0,1.0,1.0,0.0,True,2,False,0.0036017500096932054,37.58025311017802,1.7291708471538632,1,1
35,single-outlier,Huber,1035,0.008554841346076753,0.013275790042474053,0.02492685895365734,1,0,0,1.0,1.0,1.0,0.0,True,13,True,0.008418707991950214,37.519195184129245,5.145393410581095,1,1
35,single-outlier,Hampel,1035,0.007539580156833511,0.012016906836102919,0.01797984321910302,1,0,0,1.0,1.0,1.0,0.0,True,4,True,0.00318100000731647,37.593497338720496,1.0667823392873428,1,1
36,single-outlier,WLS,1036,0.020825202038061357,0.028290211173297417,0.07622507578577499,0,0,1,0.0,0.0,0.0,0.0,False,1,True,0.0006947079964447767,40.149030150993795,11.714721657192028,0,1
36,single-outlier,DIA-reject,1036,0.0063194496455526465,0.009525606276782613,0.02111108225354563,1,0,0,1.0,1.0,1.0,0.0,True,2,True,0.0035831670102197677,40.402683294405804,0.8979735662147889,1,1
36,single-outlier,DIA-inflate,1036,0.006421673801833792,0.009646494986695675,0.02130798367454146,1,0,0,1.0,1.0,1.0,0.0,True,2,True,0.003627250000135973,40.39538862623753,0.9810703525466907,1,1
36,single-outlier,Huber,1036,0.00822360740520563,0.012464672169781707,0.023451955358248372,1,0,0,1.0,1.0,1.0,0.0,True,16,True,0.010144833999220282,40.308679051285985,2.9395994162731487,1,1
36,single-outlier,Hampel,1036,0.006319449645688566,0.009525606277300315,0.02111108225354563,1,0,0,1.0,1.0,1.0,0.0,True,4,True,0.0031954169971868396,40.402683294405804,0.798198725523756,1,1
37,single-outlier,WLS,1037,0.05882627286393651,0.10119644934325446,0.1258472655058301,0,0,1,0.0,0.0,0.0,0.0,False,1,True,0.0006796660018153489,99.33989242878852,30.02159664954582,0,1
37,single-outlier,DIA-reject,1037,0.006318132193921347,0.01037704040796461,0.016715599669353192,1,0,0,1.0,1.0,1.0,0.0,True,2,True,0.003464375011390075,196.18906543926616,1.0003338634698655,1,1
37,single-outlier,DIA-inflate,1037,0.006821692063499204,0.011402686224447029,0.01680854460289708,1,0,0,1.0,1.0,1.0,0.0,True,2,True,0.0034985409874934703,193.36006891426544,1.4777867656518477,1,1
37,single-outlier,Huber,1037,0.01174116581588891,0.02023032516526838,0.023079785337892112,1,0,0,1.0,1.0,1.0,0.0,True,13,True,0.008472750021610409,178.1594709255778,4.673125047292187,1,1
37,single-outlier,Hampel,1037,0.006318132194429826,0.010377040408701537,0.01671559967090774,1,0,0,1.0,1.0,1.0,0.0,True,5,True,0.003879041993059218,196.18906543926616,0.8891856564179144,1,1
38,single-outlier,WLS,1038,0.03690930772299972,0.0577318838209674,0.12059766026102371,0,0,1,0.0,0.0,0.0,0.0,False,1,True,0.0006277499778661877,87.38693417314113,29.805659436556148,0,1
38,single-outlier,DIA-reject,1038,0.05891716340247371,0.04982191344326752,0.26776903426472537,0,1,1,0.0,0.0,0.0,0.06666666666666667,False,2,True,0.003521917009493336,130.05589595702907,0.6597488182668315,1,1
38,single-outlier,DIA-inflate,1038,0.057821040034208765,0.04853180347569053,0.2629143383918827,0,1,1,0.0,0.0,0.0,0.06666666666666667,False,2,True,0.0036187499936204404,128.33844751168994,1.333911404637855,1,1
38,single-outlier,Huber,1038,0.046206858020451234,0.040690062392446026,0.2092325650575082,1,1,0,0.5,1.0,0.6666666666666666,0.06666666666666667,False,50,False,0.030060541001148522,140.1843899087583,4.909150824793368,2,1
38,single-outlier,Hampel,1038,0.03632663610313022,0.03483187940810066,0.16283886700451142,1,1,0,0.5,1.0,0.6666666666666666,0.06666666666666667,False,4,True,0.0033727090049069375,18400476.344891172,0.5864822183010093,2,1
39,single-outlier,WLS,1039,0.01572361296556268,0.019227914183365082,0.06181860572621218,0,0,1,0.0,0.0,0.0,0.0,False,1,True,0.0006414999952539802,64.27748702293991,15.27962099024851,0,1
39,single-outlier,DIA-reject,1039,0.004492178659510381,0.006821731214652454,0.015220263433408189,1,0,0,1.0,1.0,1.0,0.0,True,2,False,0.003536417003488168,64.28124521192795,1.9657301189881207,1,1
39,single-outlier,DIA-inflate,1039,0.0045770016867555845,0.006911256861702019,0.015662338015601622,1,0,0,1.0,1.0,1.0,0.0,True,2,False,0.0035864579840563238,64.27995978538635,1.9521327011854452,1,1
39,single-outlier,Huber,1039,0.005820243089663182,0.008313795517927878,0.020991414668019417,1,0,0,1.0,1.0,1.0,0.0,True,14,True,0.00908429198898375,62.68869662163661,3.9312058211106513,1,1
39,single-outlier,Hampel,1039,0.0043397349485267914,0.006512881730219683,0.014919859757312862,1,0,0,1.0,1.0,1.0,0.0,True,9,True,0.00644704099977389,64.29527515379054,1.696312986478831,1,1
40,single-outlier,WLS,1040,0.034487839005128286,0.05603808155103484,0.09250775270178299,0,0,1,0.0,0.0,0.0,0.0,False,1,True,0.0006452090165112168,87.7849228673141,31.097052551242975,0,1
40,single-outlier,DIA-reject,1040,0.006047794977947418,0.01026260246722008,0.01323265649547629,1,0,0,1.0,1.0,1.0,0.0,True,2,True,0.0035102499823551625,94.08212447525074,0.8533386793153599,1,1
40,single-outlier,DIA-inflate,1040,0.006069817738687053,0.01031864128763449,0.013335359620311567,1,0,0,1.0,1.0,1.0,0.0,True,2,True,0.0041950829909183085,93.94083460161771,1.331789575461332,1,1
40,single-outlier,Huber,1040,0.007515191799254724,0.012550849193418685,0.018545475896985845,1,0,0,1.0,1.0,1.0,0.0,True,15,True,0.009574208001140505,91.03267746936415,4.524987941241828,1,1
40,single-outlier,Hampel,1040,0.006047794977538901,0.010262602466495265,0.013232656493991319,1,0,0,1.0,1.0,1.0,0.0,True,5,True,0.003923584008589387,94.08212447525074,0.7585232704874512,1,1
41,single-outlier,WLS,1041,0.03248014853475353,0.053639723331930025,0.09241578219101662,0,0,1,0.0,0.0,0.0,0.0,False,1,True,0.0006735420029144734,50.93034631605127,28.362208961382365,0,1
41,single-outlier,DIA-reject,1041,0.004280702088780064,0.007000711040219669,0.009963107071480811,1,0,0,1.0,1.0,1.0,0.0,True,2,True,0.0034561670036055148,63.71691116318338,0.9464545102887071,1,1
41,single-outlier,DIA-inflate,1041,0.004493838984469276,0.007310254777637337,0.010316759405333028,1,0,0,1.0,1.0,1.0,0.0,True,2,True,0.0037718329986091703,63.45386221874937,1.3664702490156184,1,1
41,single-outlier,Huber,1041,0.007110305634520871,0.011565242767386828,0.017314226523236897,1,0,0,1.0,1.0,1.0,0.0,True,11,True,0.007472791010513902,63.09921574942813,4.449996226939659,1,1
41,single-outlier,Hampel,1041,0.00428070208962323,0.007000711041704419,0.009963107073890285,1,0,0,1.0,1.0,1.0,0.0,True,5,True,0.0044296670239418745,63.71691116318338,0.8412928980284654,1,1
42,single-outlier,WLS,1042,0.02590492481341632,0.03262475289406167,0.10149017442246032,0,0,1,0.0,0.0,0.0,0.0,False,1,True,0.000642166007310152,44.22343299847787,23.581147558331335,0,1
42,single-outlier,DIA-reject,1042,0.004501318880241718,0.007326132671359419,0.010253612979499827,1,0,0,1.0,1.0,1.0,0.0,True,2,True,0.004156500013777986,49.1632183174713,0.6907480802833942,1,1
42,single-outlier,DIA-inflate,1042,0.0046688896399655,0.007583628116249811,0.011292653010069853,1,0,0,1.0,1.0,1.0,0.0,True,2,True,0.0037401249865069985,49.075033001708555,0.9534207084654724,1,1
42,single-outlier,Huber,1042,0.006456915576152801,0.009939143811743533,0.020711181189365588,1,0,0,1.0,1.0,1.0,0.0,True,7,True,0.005557416996452957,48.42351207501258,3.5340325448777565,1,1
42,single-outlier,Hampel,1042,0.0045013188802225275,0.007326132671164278,0.010253612980038667,1,0,0,1.0,1.0,1.0,0.0,True,4,True,0.0032277910213451833,49.1632183174713,0.6139982935852742,1,1
43,single-outlier,WLS,1043,0.02216150844916534,0.03299998065332676,0.07687553691770266,0,0,1,0.0,0.0,0.0,0.0,False,1,True,0.0006317909865174443,307.0464819505502,41.07319275786589,0,1
43,single-outlier,DIA-reject,1043,0.007752736942516691,0.013003371998767261,0.01809273361819053,1,0,0,1.0,1.0,1.0,0.0,True,2,True,0.004195083020022139,298.1117203721402,0.73500530742459,1,1
43,single-outlier,DIA-inflate,1043,0.007862108805670117,0.013177362032819275,0.018200370013790955,1,0,0,1.0,1.0,1.0,0.0,True,2,True,0.003930250008124858,298.17480536503155,1.1764933870787941,1,1
43,single-outlier,Huber,1043,0.008604533392988764,0.01432213783017634,0.020380426178394865,1,0,0,1.0,1.0,1.0,0.0,True,6,True,0.005192916985834017,298.568748099913,4.275205650780692,1,1
43,single-outlier,Hampel,1043,0.007752736942373903,0.013003371998547375,0.018092733618093954,1,0,0,1.0,1.0,1.0,0.0,True,4,True,0.003301290998933837,298.1117203721402,0.6533380510414594,1,1
44,single-outlier,WLS,1044,0.0463342309820613,0.07817172121485401,0.11016301853017617,0,0,1,0.0,0.0,0.0,0.0,False,1,True,0.0006749159947503358,84.42511874434955,34.358436564694046,0,1
44,single-outlier,DIA-reject,1044,0.004032716325142058,0.00655154744709163,0.010512970042014713,1,0,0,1.0,1.0,1.0,0.0,True,2,True,0.004226041986839846,119.04686740869121,0.7007090506708987,1,1
44,single-outlier,DIA-inflate,1044,0.004134716936601891,0.006747084139599562,0.010721395938666015,1,0,0,1.0,1.0,1.0,0.0,True,2,True,0.003911167004844174,118.46709194225706,1.1483097536597993,1,1
44,single-outlier,Huber,1044,0.006585489937955749,0.011258890737210207,0.01446645290421296,1,0,0,1.0,1.0,1.0,0.0,True,7,True,0.00555154200992547,115.06700299015299,4.257531639633557,1,1
44,single-outlier,Hampel,1044,0.004032716325483723,0.006551547447939246,0.010512970040757377,1,0,0,1.0,1.0,1.0,0.0,True,4,True,0.0034632079768925905,119.04686740869121,0.6228524894836951,1,1
45,single-outlier,WLS,1045,0.023657495752321976,0.03191578624462645,0.0896528987128112,0,0,1,0.0,0.0,0.0,0.0,False,1,True,0.0006870829965919256,153.82378785371262,24.295587812219587,0,1
45,single-outlier,DIA-reject,1045,0.0052749133007637,0.008346123647082532,0.015087660011210613,1,0,0,1.0,1.0,1.0,0.0,True,2,True,0.003902916010702029,144.22291879485567,1.1436566429554038,1,1
45,single-outlier,DIA-inflate,1045,0.005343431486880298,0.008387154106521143,0.015218179280532873,1,0,0,1.0,1.0,1.0,0.0,True,2,True,0.0046775419905316085,144.29544481164848,1.4786269126857658,1,1
45,single-outlier,Huber,1045,0.006531374819072643,0.010028504343238999,0.01858193029484036,1,0,0,1.0,1.0,1.0,0.0,True,9,True,0.006540624977787957,144.80776242301621,4.432307633021942,1,1
45,single-outlier,Hampel,1045,0.00527491330050851,0.00834612364706591,0.01508766000885089,1,0,0,1.0,1.0,1.0,0.0,True,4,True,0.0037552920111920685,144.22291879485567,1.0165836826206756,1,1
46,single-outlier,WLS,1046,0.021481483535258427,0.03325634543355575,0.052311875674724694,0,0,1,0.0,0.0,0.0,0.0,False,1,True,0.0006756249931640923,54.24150811232557,30.209373853063678,0,1
46,single-outlier,DIA-reject,1046,0.0060711470428905885,0.009401320032156836,0.018929012450346953,1,0,0,1.0,1.0,1.0,0.0,True,2,True,0.004004125017672777,40.78147965305668,0.8730048719200744,1,1
46,single-outlier,DIA-inflate,1046,0.006180436696219587,0.009612892637529473,0.018840426936114717,1,0,0,1.0,1.0,1.0,0.0,True,2,True,0.003959875000873581,40.78257477970491,1.2863078349005588,1,1
46,single-outlier,Huber,1046,0.007176561771937126,0.011443805252365408,0.018616095170459646,1,0,0,1.0,1.0,1.0,0.0,True,7,True,0.005172542005311698,40.80066173941008,4.361199911350526,1,1
46,single-outlier,Hampel,1046,0.006071147042901349,0.009401320032070748,0.0189290124501931,1,0,0,1.0,1.0,1.0,0.0,True,4,True,0.003403874987270683,40.78147965305668,0.7760043305964653,1,1
47,single-outlier,WLS,1047,0.021049156548035082,0.03186678120354837,0.059829386528815434,0,0,1,0.0,0.0,0.0,0.0,False,1,True,0.0006749589811079204,70.99658387645093,49.25861007724629,0,1
47,single-outlier,DIA-reject,1047,0.004852485601050419,0.007626356722893835,0.014878023702721281,1,0,0,1.0,1.0,1.0,0.0,True,2,True,0.0037805830070283264,72.34756167304049,1.0979433000942038,1,1
47,single-outlier,DIA-inflate,1047,0.0048157071669476,0.007633903082490963,0.014778845098787347,1,0,0,1.0,1.0,1.0,0.0,True,2,False,0.003715499973623082,72.32722961140139,1.618265124303849,1,1
47,single-outlier,Huber,1047,0.004924002644309774,0.008003667251120866,0.014262761717518904,1,0,0,1.0,1.0,1.0,0.0,True,8,True,0.00597566700889729,72.22129933329929,4.990001298316032,1,1
47,single-outlier,Hampel,1047,0.00485248560081037,0.007626356722473611,0.014878023702360318,1,0,0,1.0,1.0,1.0,0.0,True,5,True,0.0040911669784691185,72.34756167304049,0.9759496000816176,1,1
48,single-outlier,WLS,1048,0.02793697183863626,0.03384210615516388,0.10902106146561825,0,0,1,0.0,0.0,0.0,0.0,False,1,True,0.0007420830079354346,52.60990975959352,30.80306302357848,0,1
48,single-outlier,DIA-reject,1048,0.00975018368442546,0.01385403467375881,0.029777835845117038,1,0,0,1.0,1.0,1.0,0.0,True,2,True,0.003767207992495969,53.585103649600335,0.945128746097502,1,1
48,single-outlier,DIA-inflate,1048,0.009444073309679734,0.013516339132252395,0.028246155035112137,1,0,0,1.0,1.0,1.0,0.0,True,2,True,0.0036947919870726764,53.56181465975412,1.3677044475552131,1,1
48,single-outlier,Huber,1048,0.008295948426298482,0.012294716350861165,0.023027688611506242,1,0,0,1.0,1.0,1.0,0.0,True,8,True,0.005716334009775892,53.42777000297639,4.485965778801426,1,1
48,single-outlier,Hampel,1048,0.009750183684375085,0.013854034673327504,0.029777835845508107,1,0,0,1.0,1.0,1.0,0.0,True,4,True,0.003396209009224549,53.585103649600335,0.8401144409798988,1,1
49,single-outlier,WLS,1049,0.01832652595925219,0.02416198620829163,0.0707703790831195,0,0,1,0.0,0.0,0.0,0.0,False,1,True,0.000672875001328066,119.33218206455629,41.065872855373016,0,1
49,single-outlier,DIA-reject,1049,0.0047792226634449575,0.008003827768361766,0.011411459244161704,1,0,0,1.0,1.0,1.0,0.0,True,2,True,0.003792708012042567,111.0624220915898,0.8053711660864072,1,1
49,single-outlier,DIA-inflate,1049,0.004799447698017021,0.008029531462074233,0.011544641721337949,1,0,0,1.0,1.0,1.0,0.0,True,2,True,0.00394795901956968,111.11410363878457,1.4335618903267586,1,1
49,single-outlier,Huber,1049,0.0052260257628486614,0.008628233075362575,0.012191010205087746,1,0,0,1.0,1.0,1.0,0.0,True,8,True,0.005803042004117742,111.38989808072165,4.968805250942938,1,1
49,single-outlier,Hampel,1049,0.004779222662974787,0.008003827767354362,0.011411459244248377,1,0,0,1.0,1.0,1.0,0.0,True,4,True,0.003562249999959022,111.0624220915898,0.7158854809651595,1,1
50,single-outlier,WLS,1050,0.018589508989607487,0.022325073037106256,0.0605489358251261,0,0,1,0.0,0.0,0.0,0.0,False,1,True,0.0006675409968011081,66.45126313830075,22.85346207099885,0,1
50,single-outlier,DIA-reject,1050,0.005324328443197699,0.008398150892986189,0.015690581909442246,1,0,0,1.0,1.0,1.0,0.0,True,2,True,0.0036944169842172414,63.71174391641358,1.1565152563820906,1,1
50,single-outlier,DIA-inflate,1050,0.005445339556955388,0.008593282383949437,0.015703058721202808,1,0,0,1.0,1.0,1.0,0.0,True,2,False,0.004087415989488363,63.720047214773736,1.4934342144709818,1,1
50,single-outlier,Huber,1050,0.00665353354357182,0.010215619864717832,0.01667829502702363,1,0,0,1.0,1.0,1.0,0.0,True,15,True,0.010172083013458177,63.56309304699765,4.440981509296053,1,1
50,single-outlier,Hampel,1050,0.005324328443158942,0.008398150892884622,0.015690581909442246,1,0,0,1.0,1.0,1.0,0.0,True,4,True,0.003303499979665503,63.71174391641358,1.0280135612248231,1,1
51,single-outlier,WLS,1051,0.022359360690576244,0.030110851138913663,0.06805185561746634,0,0,1,0.0,0.0,0.0,0.0,False,1,True,0.0007422499766107649,90.64575884614948,9.375960837549561,0,1
51,single-outlier,DIA-reject,1051,0.00980246361087802,0.016467647587842096,0.02222825179978345,1,0,0,1.0,1.0,1.0,0.0,True,2,True,0.0036777500063180923,90.21799285104876,1.231835272217042,1,1
51,single-outlier,DIA-inflate,1051,0.00972805741585458,0.01637340161556359,0.02144809892005441,1,0,0,1.0,1.0,1.0,0.0,True,2,True,0.0037466669746208936,90.21447588004487,1.3051335884672766,1,1
51,single-outlier,Huber,1051,0.010981878994478231,0.017335786689761705,0.03182361555196714,1,0,0,1.0,1.0,1.0,0.0,True,15,True,0.010079333005705848,91.76718504781913,3.350529784727477,1,1
51,single-outlier,Hampel,1051,0.009800084604933854,0.016463747432689132,0.02223691942504125,1,0,0,1.0,1.0,1.0,0.0,True,9,True,0.006217916990863159,90.25831424317047,1.0908940321256104,1,1
52,single-outlier,WLS,1052,0.013538153652660988,0.01985565972485074,0.04543533095340699,0,0,1,0.0,0.0,0.0,0.0,False,1,True,0.0008268750098068267,51.69566420983795,14.725687252457849,0,1
52,single-outlier,DIA-reject,1052,0.004694301124494617,0.007038711416100482,0.014438935729293072,1,0,0,1.0,1.0,1.0,0.0,True,2,True,0.0035280830052215606,48.23321322794763,1.5138911094638434,1,1
52,single-outlier,DIA-inflate,1052,0.00473707102912578,0.0070607566725958155,0.014466153305880134,1,0,0,1.0,1.0,1.0,0.0,True,2,False,0.0035879589850082994,48.2577658152491,1.5253349508081,1,1
52,single-outlier,Huber,1052,0.005473024322359977,0.007872579170668392,0.014768868254605313,1,0,0,1.0,1.0,1.0,0.0,True,6,True,0.004793333006091416,48.54670356006281,3.468601349959672,1,1
52,single-outlier,Hampel,1052,0.004694301124550464,0.0070387114162564855,0.014438935729506533,1,0,0,1.0,1.0,1.0,0.0,True,4,True,0.0035578329989220947,48.23321322794763,1.3456809861582057,1,1
53,single-outlier,WLS,1053,0.02163752455341537,0.024938042691629286,0.09093614161496952,0,0,1,0.0,0.0,0.0,0.0,False,1,True,0.0006713329930789769,57.548500820870345,10.180493062289091,0,1
53,single-outlier,DIA-reject,1053,0.004727499746605772,0.007575392649399966,0.012917750576411214,1,0,0,1.0,1.0,1.0,0.0,True,2,True,0.0035763330233749002,55.98943317701179,1.0654730582733791,1,1
53,single-outlier,DIA-inflate,1053,0.004581114998473837,0.007243768486112,0.01287209535394403,1,0,0,1.0,1.0,1.0,0.0,True,2,True,0.004193250002572313,55.881489380575246,1.173388866327541,1,1
53,single-outlier,Huber,1053,0.006353082565656588,0.009567167302919139,0.019863694569817104,1,0,0,1.0,1.0,1.0,0.0,True,13,True,0.008918042003642768,55.099846233965486,3.3430980362503457,1,1
53,single-outlier,Hampel,1053,0.0047274997468339155,0.0075753926499703295,0.012917750576711903,1,0,0,1.0,1.0,1.0,0.0,True,5,True,0.0037429170042742044,55.98943317701179,0.9470871629127918,1,1
54,single-outlier,WLS,1054,0.02895560438522877,0.046808647997497004,0.08194901501929285,0,0,1,0.0,0.0,0.0,0.0,False,1,True,0.0006356670055538416,126.26335081735867,32.95596571443973,0,1
54,single-outlier,DIA-reject,1054,0.00804483379123651,0.011865439445788563,0.028373362278501214,1,0,0,1.0,1.0,1.0,0.0,True,2,True,0.0036781250091735274,131.78167860957353,1.250588585996873,1,1
54,single-outlier,DIA-inflate,1054,0.008017727021339491,0.011829545194065158,0.02818312597349892,1,0,0,1.0,1.0,1.0,0.0,True,2,False,0.0035358750028535724,131.6549128265338,1.6576006464416435,1,1
54,single-outlier,Huber,1054,0.008575045357827113,0.013315812912232494,0.027532232971273465,1,0,0,1.0,1.0,1.0,0.0,True,8,True,0.005684375006239861,130.93243344142465,4.819700604950615,1,1
54,single-outlier,Hampel,1054,0.008044833792327387,0.01186543944752351,0.028373362281810255,1,0,0,1.0,1.0,1.0,0.0,True,5,True,0.0037698329833801836,131.78167860957353,1.1116342986526933,1,1
55,single-outlier,WLS,1055,0.015674194506661715,0.023030110242157814,0.05307755428675954,0,0,1,0.0,0.0,0.0,0.0,False,1,True,0.0007156669744290411,86.19221974414206,27.127940873406562,0,1
55,single-outlier,DIA-reject,1055,0.007994579675129197,0.012067333330198307,0.022931405805777648,1,0,0,1.0,1.0,1.0,0.0,True,2,True,0.0036672500136774033,83.69068992843327,0.6958536479532391,1,1
55,single-outlier,DIA-inflate,1055,0.007909451674453163,0.011999631699916505,0.02270810750621389,1,0,0,1.0,1.0,1.0,0.0,True,2,True,0.0039562500023748726,83.7112695836251,0.9531411654978854,1,1
55,single-outlier,Huber,1055,0.007435827216392149,0.011606465646561263,0.021072640073730914,1,0,0,1.0,1.0,1.0,0.0,True,6,True,0.004981208010576665,83.87572088871705,3.5146251180971517,1,1
55,single-outlier,Hampel,1055,0.007994579674487039,0.012067333329150073,0.022931405804529955,1,0,0,1.0,1.0,1.0,0.0,True,4,True,0.0035987920127809048,83.69068992843327,0.6185365759560008,1,1
56,single-outlier,WLS,1056,0.01928699130927876,0.02636954559916268,0.06574239151877506,0,0,1,0.0,0.0,0.0,0.0,False,1,True,0.0006592920108232647,80.80807979055993,41.622826899166,0,1
56,single-outlier,DIA-reject,1056,0.005159332331939234,0.00780288019855304,0.017482357731329366,1,0,0,1.0,1.0,1.0,0.0,True,2,True,0.00410420898697339,80.00120948636686,0.5195988363141509,1,1
56,single-outlier,DIA-inflate,1056,0.005213252921889431,0.007917799132538829,0.01748833627846667,1,0,0,1.0,1.0,1.0,0.0,True,2,True,0.0039720839995425195,79.99835795580533,1.101393304933258,1,1
56,single-outlier,Huber,1056,0.0057317761523568355,0.008885452610951356,0.017530927708894275,1,0,0,1.0,1.0,1.0,0.0,True,7,True,0.0052140000043436885,79.98845969547637,4.471800875749632,1,1
56,single-outlier,Hampel,1056,0.005159332332107263,0.007802880199037682,0.01748235773144326,1,0,0,1.0,1.0,1.0,0.0,True,4,True,0.0032971249893307686,80.00120948636686,0.4618656322799588,1,1
57,single-outlier,WLS,1057,0.024325599715294695,0.029335317607696476,0.09447054795252835,0,0,1,0.0,0.0,0.0,0.0,False,1,True,0.0006753329944331199,65.39777067143497,15.8236150951143,0,1
57,single-outlier,DIA-reject,1057,0.005867797331224251,0.00975564256616406,0.015024252736389538,1,0,0,1.0,1.0,1.0,0.0,True,2,True,0.0036322909872978926,66.3018188676724,1.1111457253820727,1,1
57,single-outlier,DIA-inflate,1057,0.005647979010246735,0.009426387772582246,0.01355241798971071,1,0,0,1.0,1.0,1.0,0.0,True,2,True,0.004205625009490177,66.25451745274547,1.216350729517008,1,1
57,single-outlier,Huber,1057,0.005037962178139841,0.0084838413855928,0.012255806953519945,1,0,0,1.0,1.0,1.0,0.0,True,8,True,0.005512542003998533,65.84438608051369,3.3851878700070532,1,1
57,single-outlier,Hampel,1057,0.005915165919588198,0.009844541189358605,0.015087394634045926,1,0,0,1.0,1.0,1.0,0.0,True,9,True,0.006343332992400974,66.47757822941094,0.9831082826890738,1,1
58,single-outlier,WLS,1058,0.025167609186068498,0.03920684449748059,0.058632018460482174,0,0,1,0.0,0.0,0.0,0.0,False,1,True,0.0006435000104829669,167.22042507695787,26.47537579374189,0,1
58,single-outlier,DIA-reject,1058,0.012905137100919664,0.020333461087661448,0.03719201515902447,1,0,0,1.0,1.0,1.0,0.0,True,2,True,0.003693083010148257,156.24098764020462,0.6755489269625518,1,1
58,single-outlier,DIA-inflate,1058,0.013077433433158522,0.020437804930237374,0.03775524897936463,1,0,0,1.0,1.0,1.0,0.0,True,2,True,0.003557250020094216,156.20773053318595,1.1553606058654755,1,1
58,single-outlier,Huber,1058,0.014310682714102938,0.022598280350155146,0.04101312121633764,1,0,0,1.0,1.0,1.0,0.0,True,9,True,0.00656445900676772,156.0247454460478,4.346619123922806,1,1
58,single-outlier,Hampel,1058,0.012905137100742179,0.02033346108736221,0.037192015158592266,1,0,0,1.0,1.0,1.0,0.0,True,4,True,0.0031813329842407256,156.24098764020462,0.6004879350750328,1,1
59,single-outlier,WLS,1059,0.017604250349378334,0.02588206756661706,0.05972511716660058,0,0,1,0.0,0.0,0.0,0.0,False,1,True,0.0007028749969322234,73.3912790214173,24.802202474399838,0,1
59,single-outlier,DIA-reject,1059,0.006337668120957529,0.010156663890591762,0.017884837785170006,1,0,0,1.0,1.0,1.0,0.0,True,2,True,0.00405483299982734,69.42835600369969,0.9127425903552459,1,1
59,single-outlier,DIA-inflate,1059,0.0063845596543432095,0.010260459452258841,0.017792024098299865,1,0,0,1.0,1.0,1.0,0.0,True,2,True,0.0035748750087805092,69.38898539975376,1.1634683455587749,1,1
59,single-outlier,Huber,1059,0.006983311803955451,0.011311445974360674,0.017615270291400153,1,0,0,1.0,1.0,1.0,0.0,True,6,True,0.004447625018656254,69.12918828149274,3.7854052304733767,1,1
59,single-outlier,Hampel,1059,0.006337668120840081,0.010156663890234183,0.017884837787067735,1,0,0,1.0,1.0,1.0,0.0,True,4,True,0.0032230420038104057,69.42835600369969,0.8113267469872234,1,1
60,single-outlier,WLS,1060,0.03606309890008309,0.05107379846130393,0.12768771465408263,0,0,1,0.0,0.0,0.0,0.0,False,1,True,0.0006778329843655229,96.81426234406761,23.264271485174316,0,1
60,single-outlier,DIA-reject,1060,0.005319944494417428,0.008736214314275752,0.013569438203599517,1,0,0,1.0,1.0,1.0,0.0,True,2,True,0.003514707990689203,104.74933982124413,0.8512746632631236,1,1
60,single-outlier,DIA-inflate,1060,0.00549583660524395,0.009008746816451618,0.012940732896788196,1,0,0,1.0,1.0,1.0,0.0,True,2,True,0.0035093339974991977,104.5340774950268,1.3239435439716087,1,1
60,single-outlier,Huber,1060,0.009017972824539117,0.013904256203298007,0.028676672699133047,1,0,0,1.0,1.0,1.0,0.0,True,12,True,0.007851083006244153,103.63328312314107,4.488306746073771,1,1
60,single-outlier,Hampel,1060,0.005319944494518442,0.008736214314486531,0.013569438204211574,1,0,0,1.0,1.0,1.0,0.0,True,5,True,0.003934957989258692,104.74933982124413,0.7566885895626848,1,1
61,single-outlier,WLS,1061,0.02174158062266135,0.0325026576361746,0.07295763963438097,0,0,1,0.0,0.0,0.0,0.0,False,1,True,0.0006792919884901494,85.70659743674717,36.324420167520096,0,1
61,single-outlier,DIA-reject,1061,0.010517796475575577,0.017898839692585034,0.023655676005222857,1,0,0,1.0,1.0,1.0,0.0,True,2,True,0.003475292003713548,86.40569093405102,1.1264251637567304,1,1
61,single-outlier,DIA-inflate,1061,0.010453620446924905,0.017790468272827976,0.02359296687492825,1,0,0,1.0,1.0,1.0,0.0,True,2,False,0.003974249993916601,86.39419072511966,1.5756434020244878,1,1
61,single-outlier,Huber,1061,0.010328116438260659,0.01752526493926205,0.023421163987874978,1,0,0,1.0,1.0,1.0,0.0,True,8,True,0.005494250013725832,86.32938817571268,4.802775850889002,1,1
61,single-outlier,Hampel,1061,0.010517796476101474,0.017898839693250568,0.023655676008779363,1,0,0,1.0,1.0,1.0,0.0,True,4,True,0.003346541983773932,86.40569093405102,1.0012668122293025,1,1
62,single-outlier,WLS,1062,0.024320873270059978,0.03661566816613493,0.08727983789377207,0,0,1,0.0,0.0,0.0,0.0,False,1,True,0.000635291013168171,50.64213127503454,24.808102555110704,0,1
62,single-outlier,DIA-reject,1062,0.006814491199102151,0.01097271461614494,0.017409636420401716,1,0,0,1.0,1.0,1.0,0.0,True,2,True,0.003483082982711494,57.19597141286706,0.9019385269978045,1,1
62,single-outlier,DIA-inflate,1062,0.006607947048665711,0.010616590179581647,0.016249037481241183,1,0,0,1.0,1.0,1.0,0.0,True,2,True,0.0037617920024786144,57.05787622852913,1.1971476366501235,1,1
62,single-outlier,Huber,1062,0.005927792664104049,0.009283731826090253,0.016725187052301152,1,0,0,1.0,1.0,1.0,0.0,True,9,True,0.006159916985780001,56.12793253369019,3.956182823831234,1,1
62,single-outlier,Hampel,1062,0.006814491199193311,0.010972714616275876,0.01740963642037583,1,0,0,1.0,1.0,1.0,0.0,True,4,True,0.0032879170030355453,57.19597141286706,0.8017231351094765,1,1
63,single-outlier,WLS,1063,0.021667784467377823,0.031834966419428415,0.07276515791439944,0,0,1,0.0,0.0,0.0,0.0,False,1,True,0.0006522499897982925,69.75481962317352,13.65556041156452,0,1
63,single-outlier,DIA-reject,1063,0.007511866267880964,0.012597164086719282,0.018093503611849613,1,0,0,1.0,1.0,1.0,0.0,True,2,True,0.003616708010667935,69.4890110298707,0.7430738819215325,1,1
63,single-outlier,DIA-inflate,1063,0.0076584910083323495,0.012828313065469105,0.018394312244322603,1,0,0,1.0,1.0,1.0,0.0,True,2,True,0.003912290994776413,69.49061500366547,0.8419925506914139,1,1
63,single-outlier,Huber,1063,0.009430986524370548,0.015483404067615307,0.024011890723617466,1,0,0,1.0,1.0,1.0,0.0,True,7,True,0.005006416002288461,69.50978932660858,2.794819184043823,1,1
63,single-outlier,Hampel,1063,0.0075118662674223385,0.012597164085785139,0.018093503611285283,1,0,0,1.0,1.0,1.0,0.0,True,4,True,0.0032042909879237413,69.4890110298707,0.6605101172674223,1,1
64,single-outlier,WLS,1064,0.024091875080360245,0.035870203632022306,0.0815922106194338,0,0,1,0.0,0.0,0.0,0.0,False,1,True,0.0006353750068228692,76.54815195065393,39.572671732220115,0,1
64,single-outlier,DIA-reject,1064,0.005614247033502721,0.009010176068540697,0.015955100111189842,1,0,0,1.0,1.0,1.0,0.0,True,2,True,0.0034538749896455556,75.03974059381373,0.9597318350228831,1,1
64,single-outlier,DIA-inflate,1064,0.0056825246139302794,0.009115734717490704,0.01646102474882812,1,0,0,1.0,1.0,1.0,0.0,True,2,True,0.0036224169889464974,75.04905453197478,1.4482383553504306,1,1
64,single-outlier,Huber,1064,0.006410336461616815,0.01030776874593702,0.019241391492932483,1,0,0,1.0,1.0,1.0,0.0,True,7,True,0.004887667018920183,75.10462701481197,4.720974239236757,1,1
64,single-outlier,Hampel,1064,0.005614247033598164,0.009010176068746786,0.01595510011149385,1,0,0,1.0,1.0,1.0,0.0,True,4,True,0.003290874999947846,75.03974059381373,0.8530949644666699,1,1
65,single-outlier,WLS,1065,0.033191438238914024,0.05506098994345494,0.08865393695996794,0,0,1,0.0,0.0,0.0,0.0,False,1,True,0.0006564999930560589,68.97195080883291,14.8831954475699,0,1
65,single-outlier,DIA-reject,1065,0.010199765729978515,0.016247177321230797,0.027920051703806306,1,0,0,1.0,1.0,1.0,0.0,True,2,True,0.0034983330115210265,81.15257933851504,0.9420460043100182,1,1
65,single-outlier,DIA-inflate,1065,0.010446221815005747,0.016693898629528112,0.028243968619016322,1,0,0,1.0,1.0,1.0,0.0,True,2,True,0.0036147079954389483,80.99114589285588,1.002816729995416,1,1
65,single-outlier,Huber,1065,0.0133402624375809,0.02180943540827875,0.03181703513852711,1,0,0,1.0,1.0,1.0,0.0,True,12,True,0.00784879198181443,79.17825747414926,2.830292422170882,1,1
65,single-outlier,Hampel,1065,0.010195642451575618,0.016232877724271993,0.02785148068752127,1,0,0,1.0,1.0,1.0,0.0,True,12,True,0.00810687500052154,81.13269349328971,0.8075253397793916,1,1
66,single-outlier,WLS,1066,0.03544207771746858,0.05625459303549228,0.10971170071511968,0,0,1,0.0,0.0,0.0,0.0,False,1,True,0.0006487909995485097,58.895182298924674,29.02944448207354,0,1
66,single-outlier,DIA-reject,1066,0.006357275150299847,0.010307722579298267,0.016012139412446953,1,0,0,1.0,1.0,1.0,0.0,True,2,True,0.00351670800591819,86.86410638537511,0.7169115438643073,1,1
66,single-outlier,DIA-inflate,1066,0.006153108409883824,0.009980867553438116,0.015425169166405062,1,0,0,1.0,1.0,1.0,0.0,True,2,True,0.003601917007472366,86.26306693535841,1.201151466329415,1,1
66,single-outlier,Huber,1066,0.006710195745872284,0.010753110688705258,0.019340567642954498,1,0,0,1.0,1.0,1.0,0.0,True,8,True,0.005498707992956042,82.87354817469537,4.410763615765857,1,1
66,single-outlier,Hampel,1066,0.006357275150209572,0.010307722579157024,0.016012139412460373,1,0,0,1.0,1.0,1.0,0.0,True,4,True,0.0032662090088706464,86.86410638537511,0.6372547056553413,1,1
67,single-outlier,WLS,1067,0.022321537633616457,0.0303029157252214,0.08548994709900631,0,0,1,0.0,0.0,0.0,0.0,False,1,True,0.0006410839851014316,116.28038596901284,35.3892907479732,0,1
67,single-outlier,DIA-reject,1067,0.007580844985307005,0.012200216469534718,0.022758893301143435,1,0,0,1.0,1.0,1.0,0.0,True,2,True,0.0034452500112820417,116.44224273037523,0.49081243247903483,1,1
67,single-outlier,DIA-inflate,1067,0.00756279583453113,0.012173766630252294,0.022676824930388605,1,0,0,1.0,1.0,1.0,0.0,True,2,True,0.0036994590191170573,116.43595028836923,1.017914037908444,1,1
67,single-outlier,Huber,1067,0.007782901732780035,0.012600889536531804,0.02222254295645756,1,0,0,1.0,1.0,1.0,0.0,True,8,True,0.005483792017912492,116.40184467858641,4.262427637790641,1,1
67,single-outlier,Hampel,1067,0.007580844983859087,0.012200216467047035,0.02275889329771683,1,0,0,1.0,1.0,1.0,0.0,True,4,True,0.0032677080016583204,116.44224273037523,0.43627771775912416,1,1
68,single-outlier,WLS,1068,0.04521092594870325,0.0691325597455685,0.14625247815807269,0,0,1,0.0,0.0,0.0,0.0,False,1,True,0.0006477920105680823,68.16996336895058,19.769340488886858,0,1
68,single-outlier,DIA-reject,1068,0.012358985488720605,0.02070809605212129,0.027128269632732592,1,0,0,1.0,1.0,1.0,0.0,True,2,True,0.0034149999846704304,77.78816894355535,0.7462538530993063,1,1
68,single-outlier,DIA-inflate,1068,0.013228924133577968,0.02200264134545461,0.029292499497407285,1,0,0,1.0,1.0,1.0,0.0,True,2,True,0.003605917008826509,77.42405795793208,1.4793661678042307,1,1
68,single-outlier,Huber,1068,0.019919510601544607,0.03242726825226972,0.055696872740872955,1,0,0,1.0,1.0,1.0,0.0,True,28,True,0.01715387500007637,75.40898181464839,5.173191243432523,1,1
68,single-outlier,Hampel,1068,0.01235898548915613,0.020708096053041757,0.027128269633167227,1,0,0,1.0,1.0,1.0,0.0,True,5,True,0.0037291250191628933,77.78816894355535,0.6633367583229136,1,1
69,single-outlier,WLS,1069,0.02248857890208974,0.03397354869708361,0.06264827142762475,0,0,1,0.0,0.0,0.0,0.0,False,1,True,0.0006609999982174486,89.96759572033221,34.60242390307465,0,1
69,single-outlier,DIA-reject,1069,0.005735966942805053,0.009574253928129273,0.013971203963900291,1,0,0,1.0,1.0,1.0,0.0,True,2,True,0.0034977920004166663,88.89184455311822,1.0489234176021007,1,1
69,single-outlier,DIA-inflate,1069,0.005776650534569234,0.00964024650214122,0.014062390903581691,1,0,0,1.0,1.0,1.0,0.0,True,2,False,0.003481958992779255,88.86680289212084,1.5012038003953687,1,1
69,single-outlier,Huber,1069,0.006410075867094055,0.010687992619842684,0.014580316472502207,1,0,0,1.0,1.0,1.0,0.0,True,11,True,0.007254415977513418,88.70577711092767,4.692228212117245,1,1
69,single-outlier,Hampel,1069,0.005735966942891793,0.009574253928304147,0.013971203963892545,1,0,0,1.0,1.0,1.0,0.0,True,6,True,0.0043887080100830644,88.89184455311822,0.9323763712164472,1,1
70,single-outlier,WLS,1070,0.027042767578678992,0.038720867476165384,0.09965180951601416,0,0,1,0.0,0.0,0.0,0.0,False,1,True,0.0006600830238312483,202.8824814387578,41.53264303169825,0,1
70,single-outlier,DIA-reject,1070,0.008107205960285859,0.01316863486490355,0.020939048729772716,1,0,0,1.0,1.0,1.0,0.0,True,2,True,0.003489124996121973,204.7890436584961,1.4153434380730623,1,1
70,single-outlier,DIA-inflate,1070,0.00804411256150423,0.01308279244652698,0.02088164025335171,1,0,0,1.0,1.0,1.0,0.0,True,2,False,0.0035522500111255795,204.69365895699005,1.825364091658857,1,1
70,single-outlier,Huber,1070,0.008126671910150676,0.01346951967671496,0.020608211477524424,1,0,0,1.0,1.0,1.0,0.0,True,9,True,0.006016166007611901,203.90809525675908,4.989694727225332,1,1
70,single-outlier,Hampel,1070,0.008073796747535448,0.013119121576974794,0.020897000063480383,1,0,0,1.0,1.0,1.0,0.0,True,9,True,0.006133499991847202,204.51250806791782,1.216925228733629,1,1
71,single-outlier,WLS,1071,0.04263640742552894,0.07177782794660577,0.10410841433724231,0,0,1,0.0,0.0,0.0,0.0,False,1,True,0.0006445829931180924,159.69011679728456,23.8579626816153,0,1
71,single-outlier,DIA-reject,1071,0.008838755205811974,0.014896451284329204,0.021675449099501653,1,0,0,1.0,1.0,1.0,0.0,True,2,True,0.003428416996030137,156.806468577207,0.660634965553412,1,1
71,single-outlier,DIA-inflate,1071,0.00935345315527514,0.015741894919367786,0.022608145262907324,1,0,0,1.0,1.0,1.0,0.0,True,2,True,0.0034970410051755607,156.73751563846918,1.0568907517098123,1,1
71,single-outlier,Huber,1071,0.013145411700338689,0.02186405857552121,0.02887285156845673,1,0,0,1.0,1.0,1.0,0.0,True,8,True,0.005455167003674433,156.34800906218894,4.031590957965377,1,1
71,single-outlier,Hampel,1071,0.008838755205598849,0.014896451283975634,0.02167544909902094,1,0,0,1.0,1.0,1.0,0.0,True,4,True,0.0031597500201314688,156.806468577207,0.5872310804910754,1,1
72,single-outlier,WLS,1072,0.0181341442044171,0.021925452851952822,0.07551169825373245,0,0,1,0.0,0.0,0.0,0.0,False,1,True,0.0006282909889705479,43.84625031875585,15.68117871125273,0,1
72,single-outlier,DIA-reject,1072,0.003557130369176285,0.005961326462808189,0.00807741152727433,1,0,0,1.0,1.0,1.0,0.0,True,2,True,0.0034822089946828783,41.80693677644707,1.11234948821368,1,1
72,single-outlier,DIA-inflate,1072,0.0034897512228188915,0.0057889223200837895,0.007975768462041663,1,0,0,1.0,1.0,1.0,0.0,True,2,True,0.0035247910127509385,41.79002090760732,1.2842986086385493,1,1
72,single-outlier,Huber,1072,0.004268414421834286,0.006887518454820843,0.01213494932634554,1,0,0,1.0,1.0,1.0,0.0,True,15,True,0.009478291991399601,41.8293617174272,3.7168599350018985,1,1
72,single-outlier,Hampel,1072,0.0035571303692199926,0.005961326462879715,0.00807741152727433,1,0,0,1.0,1.0,1.0,0.0,True,5,True,0.00382454099599272,41.80693677644707,0.9887551006344308,1,1
73,single-outlier,WLS,1073,0.026528305457894173,0.04120192865605914,0.08061443814559126,0,0,1,0.0,0.0,0.0,0.0,False,1,True,0.0006517499859910458,207.0170260224132,22.769217995022252,0,1
73,single-outlier,DIA-reject,1073,0.010106020449721193,0.01696622910973949,0.023463595429362008,1,0,0,1.0,1.0,1.0,0.0,True,2,False,0.003480791987385601,207.26197428123132,1.6358967750047917,1,1
73,single-outlier,DIA-inflate,1073,0.010267902684373534,0.017198630268970495,0.024264692043307005,1,0,0,1.0,1.0,1.0,0.0,True,2,False,0.0035834580194205046,207.25028973749318,1.8162526316453746,1,1
73,single-outlier,Huber,1073,0.011764978593020073,0.019485182439883317,0.03079270880562092,1,0,0,1.0,1.0,1.0,0.0,True,13,True,0.008315667015267536,207.15592323171913,4.4690705834308275,1,1
73,single-outlier,Hampel,1073,0.010106020450301805,0.016966229110730015,0.023463595430235636,1,0,0,1.0,1.0,1.0,0.0,True,4,True,0.003139749984256923,207.26197428123132,1.4541304666685966,1,1
74,single-outlier,WLS,1074,0.021856474857101158,0.032196064915306986,0.07448816754027245,0,0,1,0.0,0.0,0.0,0.0,False,1,True,0.0006482499884441495,69.09622083181587,32.65540889088503,0,1
74,single-outlier,DIA-reject,1074,0.0052091081106490815,0.008186917745449926,0.013627443678946475,1,0,0,1.0,1.0,1.0,0.0,True,2,True,0.003531958005623892,63.04890048497336,0.9154029723488475,1,1
74,single-outlier,DIA-inflate,1074,0.0051214300449899984,0.008014718026826805,0.013841537668489404,1,0,0,1.0,1.0,1.0,0.0,True,2,False,0.003489499998977408,63.08986062279107,1.5354581139528931,1,1
74,single-outlier,Huber,1074,0.005499574953777787,0.00825728231066904,0.015068076134021897,1,0,0,1.0,1.0,1.0,0.0,True,10,True,0.006680208985926583,63.31621526665359,5.089490833228184,1,1
74,single-outlier,Hampel,1074,0.005209108110714703,0.00818691774556476,0.01362744367903586,1,0,0,1.0,1.0,1.0,0.0,True,4,True,0.0032011669827625155,63.04890048497336,0.8136915309766687,1,1
75,single-outlier,WLS,1075,0.03742941872263392,0.06157469399031286,0.10415238934640583,0,0,1,0.0,0.0,0.0,0.0,False,1,True,0.0006444999889936298,47.9812057481445,9.591629207124948,0,1
75,single-outlier,DIA-reject,1075,0.008463994337935585,0.013270399803934168,0.024867437100409742,1,0,0,1.0,1.0,1.0,0.0,True,2,True,0.003522250015521422,69.74087111641185,0.7094595426088356,1,1
75,single-outlier,DIA-inflate,1075,0.008711557397783305,0.013622789020637415,0.025586191708842052,1,0,0,1.0,1.0,1.0,0.0,True,2,True,0.003511375020025298,69.15855631922132,0.8045683032278591,1,1
75,single-outlier,Huber,1075,0.013611974650308858,0.02178690319490909,0.03505234704658673,1,0,0,1.0,1.0,1.0,0.0,True,9,True,0.0060364170058164746,63.282968574758755,2.723703831484628,1,1
75,single-outlier,Hampel,1075,0.00846399433769809,0.013270399803458306,0.02486743709996803,1,0,0,1.0,1.0,1.0,0.0,True,5,True,0.0037240420060697943,69.74087111641185,0.6306307045445119,1,1
76,single-outlier,WLS,1076,0.014688482908746171,0.019342344970313983,0.05056083005123307,0,0,1,0.0,0.0,0.0,0.0,False,1,True,0.0007140410016290843,112.59375398233597,43.98252590580704,0,1
76,single-outlier,DIA-reject,1076,0.004399341398338971,0.007210313532598029,0.011983581284636552,1,0,0,1.0,1.0,1.0,0.0,True,2,True,0.003466124995611608,112.56425306442603,0.9031840498321362,1,1
76,single-outlier,DIA-inflate,1076,0.0044262828710194164,0.007278691976727406,0.012050949770648557,1,0,0,1.0,1.0,1.0,0.0,True,2,True,0.003515791002428159,112.56435411607394,1.366579807285007,1,1
76,single-outlier,Huber,1076,0.0047026561889642205,0.007794825127421542,0.013028423791770813,1,0,0,1.0,1.0,1.0,0.0,True,6,True,0.004414167022332549,112.56501300315232,4.562814187900081,1,1
76,single-outlier,Hampel,1076,0.0043993413990252766,0.007210313533884338,0.011983581284801268,1,0,0,1.0,1.0,1.0,0.0,True,4,True,0.0031962910143192858,112.56425306442603,0.8028302665240344,1,1
77,single-outlier,WLS,1077,0.07648040760979308,0.13171599991782398,0.15430723100521568,0,0,1,0.0,0.0,0.0,0.0,False,1,True,0.0006363749853335321,97.72112252864716,22.09915470387366,0,1
77,single-outlier,DIA-reject,1077,0.007755861077819301,0.012801414755317533,0.019359271234403244,1,0,0,1.0,1.0,1.0,0.0,True,2,True,0.0035386249946895987,164.98919479432405,1.0755169630829662,1,1
77,single-outlier,DIA-inflate,1077,0.0068501738701215184,0.011355662448303822,0.016269027496939936,1,0,0,1.0,1.0,1.0,0.0,True,2,True,0.003498709003906697,163.3315939661373,1.48142507296007,1,1
77,single-outlier,Huber,1077,0.012042538638232217,0.02065926199537707,0.026919890252388966,1,0,0,1.0,1.0,1.0,0.0,True,14,True,0.008879708009772003,153.48181759587118,4.60771337147491,1,1
77,single-outlier,Hampel,1077,0.007755861078778059,0.012801414757104819,0.019359271235161235,1,0,0,1.0,1.0,1.0,0.0,True,4,True,0.0032604580046609044,164.98919479432405,0.9560150782974934,1,1
78,single-outlier,WLS,1078,0.023601583830734817,0.03694269175884611,0.06555238360272325,0,0,1,0.0,0.0,0.0,0.0,False,1,True,0.000634541007457301,49.21667020182624,11.046355826161166,0,1
78,single-outlier,DIA-reject,1078,0.008096865739550057,0.012965590580083508,0.02249354920006951,1,0,0,1.0,1.0,1.0,0.0,True,2,True,0.0034292500058654696,54.32053112871903,0.8358122663475113,1,1
78,single-outlier,DIA-inflate,1078,0.008207718876031639,0.01315894820086456,0.022633563489085004,1,0,0,1.0,1.0,1.0,0.0,True,2,True,0.00358474999666214,54.2017971430508,0.9257828780006796,1,1
78,single-outlier,Huber,1078,0.010123703733449684,0.01637852823917055,0.025791099115305527,1,0,0,1.0,1.0,1.0,0.0,True,9,True,0.00591358300880529,53.0027118218875,2.8889251438108268,1,1
78,single-outlier,Hampel,1078,0.008096865739781104,0.012965590580539395,0.022493549200464823,1,0,0,1.0,1.0,1.0,0.0,True,4,True,0.003136999992420897,54.32053112871903,0.7429442367533516,1,1
79,single-outlier,WLS,1079,0.019351658392168576,0.024721002988306578,0.07632823440419406,0,0,1,0.0,0.0,0.0,0.0,False,1,True,0.0006504580087494105,107.12278903143317,37.89663775217203,0,1
79,single-outlier,DIA-reject,1079,0.004816750492922886,0.00821750056440383,0.010372803354342769,1,0,0,1.0,1.0,1.0,0.0,True,2,True,0.003406833973713219,108.30169593090494,1.0340904937394386,1,1
79,single-outlier,DIA-inflate,1079,0.0046014243253724805,0.0077963101311011316,0.009967396581357167,1,0,0,1.0,1.0,1.0,0.0,True,2,False,0.003618791000917554,108.27844176900055,1.501628281442831,1,1
79,single-outlier,Huber,1079,0.003844225949095262,0.0062446371734175546,0.00885527635451531,1,0,0,1.0,1.0,1.0,0.0,True,16,True,0.010188000014750287,108.15464187091058,4.745835197677876,1,1
79,single-outlier,Hampel,1079,0.004816750493151008,0.00821750056478258,0.010372803355794609,1,0,0,1.0,1.0,1.0,0.0,True,4,True,0.003178875020239502,108.30169593090494,0.9191915499906929,1,1
80,single-outlier,WLS,1080,0.08781422273024092,0.15122578774385076,0.1691055618430077,0,0,1,0.0,0.0,0.0,0.0,False,1,True,0.0006914999976288527,122.13941691430234,28.86953857470506,0,1
80,single-outlier,DIA-reject,1080,0.0076607230373210615,0.011946053206414191,0.02295223772152315,1,0,0,1.0,1.0,1.0,0.0,True,2,True,0.0034839999862015247,185.65362823944636,0.8995095607307885,1,1
80,single-outlier,DIA-inflate,1080,0.008373612247248401,0.012839110182100636,0.025641938418148574,1,0,0,1.0,1.0,1.0,0.0,True,2,False,0.003495874989312142,184.33001239854931,1.517514705194931,1,1
80,single-outlier,Huber,1080,0.01730859410581786,0.029044157096452777,0.04251039484065108,1,0,0,1.0,1.0,1.0,0.0,True,18,True,0.01129595801467076,177.56990802677151,5.071165589938728,1,1
80,single-outlier,Hampel,1080,0.007660723038171552,0.011946053208717899,0.022952237721098855,1,0,0,1.0,1.0,1.0,0.0,True,4,True,0.0031989999988581985,185.65362823944636,0.799564053981154,1,1
81,single-outlier,WLS,1081,0.015650053968873878,0.02311174965412251,0.04717740810588887,0,0,1,0.0,0.0,0.0,0.0,False,1,True,0.0006364170112647116,137.88828455932597,16.582779462212518,0,1
81,single-outlier,DIA-reject,1081,0.006790378554648114,0.010817006518883886,0.01671552993742406,1,0,0,1.0,1.0,1.0,0.0,True,2,True,0.003514834010275081,138.06309423028165,0.8757660081781072,1,1
81,single-outlier,DIA-inflate,1081,0.006810392251275425,0.01092106549370887,0.0167581716793662,1,0,0,1.0,1.0,1.0,0.0,True,2,True,0.003494208009215072,138.05892564784662,1.0175065444417692,1,1
81,single-outlier,Huber,1081,0.007288186464270745,0.012301211528379664,0.017217941499282012,1,0,0,1.0,1.0,1.0,0.0,True,9,True,0.006022458022926003,138.02161739439308,3.229256265828547,1,1
81,single-outlier,Hampel,1081,0.0067903785552556216,0.010817006519721143,0.01671552993882412,1,0,0,1.0,1.0,1.0,0.0,True,4,True,0.0031302499992307276,138.06309423028165,0.7784586739388573,1,1
82,single-outlier,WLS,1082,0.035041609557166536,0.04461412217861345,0.13966559277477447,0,0,1,0.0,0.0,0.0,0.0,False,1,True,0.0006294169870670885,20.763829751432727,22.898838928899977,0,1
82,single-outlier,DIA-reject,1082,0.007133800404917125,0.010662266783023426,0.02492390314821544,1,0,0,1.0,1.0,1.0,0.0,True,2,True,0.003491874987957999,29.21019320180544,0.8590843577363625,1,1
82,single-outlier,DIA-inflate,1082,0.007483832541272689,0.011271593254188668,0.02507538276113959,1,0,0,1.0,1.0,1.0,0.0,True,2,True,0.003539666999131441,28.861256317098672,1.2793956619025693,1,1
82,single-outlier,Huber,1082,0.010868079695629296,0.01572395312990961,0.035582835164956986,1,0,0,1.0,1.0,1.0,0.0,True,12,True,0.007732833008049056,26.951273614966855,4.378139316935432,1,1
82,single-outlier,Hampel,1082,0.007133800405158192,0.010662266783390764,0.024923903149226736,1,0,0,1.0,1.0,1.0,0.0,True,4,True,0.0032337079755961895,29.21019320180544,0.7636305402200373,1,1
83,single-outlier,WLS,1083,0.028251439684770098,0.034927401800740276,0.11113583179826683,0,0,1,0.0,0.0,0.0,0.0,False,1,True,0.0006332919874694198,48.77535875654924,31.833196109385355,0,1
83,single-outlier,DIA-reject,1083,0.006877402881622564,0.010004949254253617,0.02153412475150953,1,0,0,1.0,1.0,1.0,0.0,True,2,True,0.0034074580180458724,52.90021224843068,0.608083827621649,1,1
83,single-outlier,DIA-inflate,1083,0.006547363110248607,0.009716437156681138,0.020788271754763173,1,0,0,1.0,1.0,1.0,0.0,True,2,True,0.0034760829876177013,52.767924796312954,1.278470532602563,1,1
83,single-outlier,Huber,1083,0.006485718000134049,0.010237843672898126,0.017517968123946806,1,0,0,1.0,1.0,1.0,0.0,True,12,True,0.007717458007391542,52.14990039117224,4.866586679496156,1,1
83,single-outlier,Hampel,1083,0.006877402881712872,0.010004949254842199,0.021534124751043472,1,0,0,1.0,1.0,1.0,0.0,True,4,True,0.003293540998129174,52.90021224843068,0.5405189578836089,1,1
84,single-outlier,WLS,1084,0.033704137364703776,0.04745873510876563,0.11638223209133776,0,0,1,0.0,0.0,0.0,0.0,False,1,True,0.0006372080242726952,38.37369330628984,30.73800435097609,0,1
84,single-outlier,DIA-reject,1084,0.012740733128234134,0.019641896645958914,0.03416598729407988,1,0,0,1.0,1.0,1.0,0.0,True,2,True,0.0034640419762581587,40.42286905116095,0.7032658836623721,1,1
84,single-outlier,DIA-inflate,1084,0.012654664444844275,0.019437295096878974,0.03427280506100474,1,0,0,1.0,1.0,1.0,0.0,True,2,True,0.00357933301711455,40.3666127885275,1.2368228486509822,1,1
84,single-outlier,Huber,1084,0.012854232629214564,0.01986606845431082,0.034892201326935664,1,0,0,1.0,1.0,1.0,0.0,True,9,True,0.005988084012642503,40.07538006771822,4.556246480027081,1,1
84,single-outlier,Hampel,1084,0.01274073312821336,0.019641896645904124,0.03416598729323212,1,0,0,1.0,1.0,1.0,0.0,True,4,True,0.0032574590004514903,40.42286905116095,0.6251252299151199,1,1
85,single-outlier,WLS,1085,0.07598886141459735,0.1313877240073988,0.1461058287569876,0,0,1,0.0,0.0,0.0,0.0,False,1,True,0.0006274589977692813,118.44623563183337,14.27494364043954,0,1
85,single-outlier,DIA-reject,1085,0.11779886115551819,0.20400788914318252,0.20941868358892896,0,1,1,0.0,0.0,0.0,0.06666666666666667,False,2,True,0.0034214999759569764,191.9000461916539,0.9377087181764628,1,1
85,single-outlier,DIA-inflate,1085,0.11711748898489782,0.2028269530662397,0.20825810605749717,0,1,1,0.0,0.0,0.0,0.06666666666666667,False,2,True,0.0036262920184526592,190.41096738048356,1.0525106117941787,1,1
85,single-outlier,Huber,1085,0.11049322349770235,0.19134293100840027,0.19697262982245128,0,1,1,0.0,0.0,0.0,0.06666666666666667,False,10,True,0.006680082995444536,176.5982433811524,3.180804497905618,1,1
85,single-outlier,Hampel,1085,0.11779886115640456,0.2040078891447199,0.2094186835900944,0,1,1,0.0,0.0,0.0,0.06666666666666667,False,4,True,0.0031350000062957406,191.9000461916539,0.8335188605989371,1,1
86,single-outlier,WLS,1086,0.027260560970030427,0.043364227425760946,0.06876951046866335,0,0,1,0.0,0.0,0.0,0.0,False,1,True,0.0006299589877016842,53.52074901893099,42.43342232840969,0,1
86,single-outlier,DIA-reject,1086,0.007452482702319906,0.012365484949558763,0.016635528694595787,1,0,0,1.0,1.0,1.0,0.0,True,2,True,0.003462124994257465,54.43087862947552,1.0885676846611896,1,1
86,single-outlier,DIA-inflate,1086,0.007681426811156433,0.01278323000476775,0.017078129084588684,1,0,0,1.0,1.0,1.0,0.0,True,2,False,0.0035624589945655316,54.41156910575738,1.5623763256952639,1,1
86,single-outlier,Huber,1086,0.009058384295788988,0.015183312093504847,0.019548755981481838,1,0,0,1.0,1.0,1.0,0.0,True,7,True,0.004937749996315688,54.30786292499953,4.832352049264909,1,1
86,single-outlier,Hampel,1086,0.0074524827022115735,0.012365484949385273,0.016635528694717044,1,0,0,1.0,1.0,1.0,0.0,True,4,True,0.003184792003594339,54.43087862947552,0.9676157196980445,1,1
87,single-outlier,WLS,1087,0.020071037862530314,0.02778392554894901,0.0752393095577799,0,0,1,0.0,0.0,0.0,0.0,False,1,True,0.0006309580057859421,136.34058725035115,34.311968173126225,0,1
87,single-outlier,DIA-reject,1087,0.007846904334024539,0.013437492816297279,0.016952480443198192,1,0,0,1.0,1.0,1.0,0.0,True,2,True,0.003438625019043684,135.55383852137928,1.1235270184734123,1,1
87,single-outlier,DIA-inflate,1087,0.00789897396568062,0.013528362866429259,0.01692203078098444,1,0,0,1.0,1.0,1.0,0.0,True,2,True,0.003553958988049999,135.54615410302955,1.4628992582425413,1,1
87,single-outlier,Huber,1087,0.008400424457275858,0.014330630558361692,0.018907512343450308,1,0,0,1.0,1.0,1.0,0.0,True,7,True,0.004871666984399781,135.50532007081264,4.412150575746528,1,1
87,single-outlier,Hampel,1087,0.007846904334958311,0.013437492817882068,0.016952480445737748,1,0,0,1.0,1.0,1.0,0.0,True,4,True,0.003206124994903803,135.55383852137928,0.9986906830814137,1,1
88,single-outlier,WLS,1088,0.015956342054864597,0.023395303563429448,0.04664884824646831,0,0,1,0.0,0.0,0.0,0.0,False,1,True,0.0006371670169755816,90.58968937814947,32.89872477707908,0,1
88,single-outlier,DIA-reject,1088,0.006123410311230896,0.010182026345043596,0.01636966828873417,1,0,0,1.0,1.0,1.0,0.0,True,2,True,0.0034412909881211817,90.31759164928442,1.476181909750722,1,1
88,single-outlier,DIA-inflate,1088,0.006072397111476383,0.010115203974832654,0.015949419647076666,1,0,0,1.0,1.0,1.0,0.0,True,2,False,0.0035725419875234365,90.31943104605051,1.7422290463543977,1,1
88,single-outlier,Huber,1088,0.00596777613660317,0.010027718690393898,0.013846521276454854,1,0,0,1.0,1.0,1.0,0.0,True,9,True,0.006086333014536649,90.63223846028072,4.578767744113212,1,1
88,single-outlier,Hampel,1088,0.006155825416616771,0.010230301751732998,0.016426038101844096,1,0,0,1.0,1.0,1.0,0.0,True,9,True,0.006120416976045817,90.80102220136827,1.281778755954471,1,1
89,single-outlier,WLS,1089,0.01636902315095232,0.025241405443984444,0.053114494895048665,0,0,1,0.0,0.0,0.0,0.0,False,1,True,0.0006272080063354224,164.2408058403194,16.57224553859244,0,1
89,single-outlier,DIA-reject,1089,0.006848902233736066,0.009445612400599856,0.026136050119365,1,0,0,1.0,1.0,1.0,0.0,True,2,True,0.003488207992631942,162.99657373266217,1.0967628672275886,1,1
89,single-outlier,DIA-inflate,1089,0.006796648139478051,0.009399309289050693,0.02594882755327052,1,0,0,1.0,1.0,1.0,0.0,True,2,True,0.003496458986774087,162.9857957912168,1.212127660558908,1,1
89,single-outlier,Huber,1089,0.006786722347483775,0.01014352674474313,0.024220054556432953,1,0,0,1.0,1.0,1.0,0.0,True,7,True,0.004961625003488734,162.8958693927612,3.416305875027203,1,1
89,single-outlier,Hampel,1089,0.006848902233603361,0.009445612400267015,0.026136050119018744,1,0,0,1.0,1.0,1.0,0.0,True,4,True,0.0031676669896114618,162.99657373266217,0.9749003264263837,1,1
90,single-outlier,WLS,1090,0.0297769307800495,0.038728431085888144,0.11503252778658213,0,0,1,0.0,0.0,0.0,0.0,False,1,True,0.0006323749839793891,145.34919512932396,40.806355880278936,0,1
90,single-outlier,DIA-reject,1090,0.006049414727015344,0.009941031654185552,0.015378960221120353,1,0,0,1.0,1.0,1.0,0.0,True,2,True,0.0035115419887006283,147.4190610673291,0.8258660185277216,1,1
90,single-outlier,DIA-inflate,1090,0.005698151266891341,0.009486297064869639,0.013221642521968509,1,0,0,1.0,1.0,1.0,0.0,True,2,True,0.003476375015452504,147.3796447618488,1.4623795944314308,1,1
90,single-outlier,Huber,1090,0.0049090562429892235,0.00827911528424783,0.012922174930799672,1,0,0,1.0,1.0,1.0,0.0,True,9,True,0.006130624999059364,147.18824522832296,5.018990988998858,1,1
90,single-outlier,Hampel,1090,0.006049414725373738,0.009941031651261258,0.015378960220467404,1,0,0,1.0,1.0,1.0,0.0,True,4,True,0.0032094999914988875,147.4190610673291,0.7341031275830509,1,1
91,single-outlier,WLS,1091,0.0458222946620882,0.07161603204500001,0.12889940304283612,0,0,1,0.0,0.0,0.0,0.0,False,1,True,0.0007168749871198088,73.78738259601377,34.03928700486784,0,1
91,single-outlier,DIA-reject,1091,0.005561130208796555,0.00936644607862555,0.012495656791502704,1,0,0,1.0,1.0,1.0,0.0,True,2,True,0.003511499991873279,90.92966020449458,0.8646543544091809,1,1
91,single-outlier,DIA-inflate,1091,0.005980079268976222,0.010091592511962394,0.01371007067377569,1,0,0,1.0,1.0,1.0,0.0,True,2,True,0.003484999993816018,90.6890987944683,1.2163354980417078,1,1
91,single-outlier,Huber,1091,0.009163686546218946,0.015196262790374697,0.023045525292467,1,0,0,1.0,1.0,1.0,0.0,True,6,True,0.004453959001693875,89.13531333678304,4.1201951783473945,1,1
91,single-outlier,Hampel,1091,0.005561130208835449,0.009366446078795637,0.012495656790552952,1,0,0,1.0,1.0,1.0,0.0,True,4,True,0.003213582996977493,90.92966020449458,0.7685816483589364,1,1
92,single-outlier,WLS,1092,0.024281311081463038,0.040560617452170385,0.057015063954333964,0,0,1,0.0,0.0,0.0,0.0,False,1,True,0.0006705829873681068,124.07469127623222,35.34013718116347,0,1
92,single-outlier,DIA-reject,1092,0.011518025987727751,0.019309585655657498,0.025575175513077354,1,0,0,1.0,1.0,1.0,0.0,True,2,True,0.003569583990611136,125.54142269514416,0.5739360564579773,1,1
92,single-outlier,DIA-inflate,1092,0.011170247436109004,0.018643504172279442,0.02488692366686587,1,0,0,1.0,1.0,1.0,0.0,True,2,True,0.003552042006049305,125.44923959758664,1.0331391008135586,1,1
92,single-outlier,Huber,1092,0.009463107056495019,0.015134165163689001,0.0232964231154025,1,0,0,1.0,1.0,1.0,0.0,True,7,True,0.0050120830128435045,124.9380076195814,4.135351877221815,1,1
92,single-outlier,Hampel,1092,0.01151802598841934,0.0193095856570511,0.025575175514679496,1,0,0,1.0,1.0,1.0,0.0,True,4,True,0.0032227909832727164,125.54142269514416,0.5101653835135976,1,1
93,single-outlier,WLS,1093,0.01938498366905992,0.028350775998024345,0.06136133157234884,0,0,1,0.0,0.0,0.0,0.0,False,1,True,0.0006450840155594051,26.915994376572236,20.287873274468634,0,1
93,single-outlier,DIA-reject,1093,0.004952749749297891,0.00820772971111078,0.012623532029631167,1,0,0,1.0,1.0,1.0,0.0,True,2,True,0.0035594169748947024,27.49918657704922,0.8746895557238835,1,1
93,single-outlier,DIA-inflate,1093,0.004987351961391844,0.008192540590566387,0.012817994440379711,1,0,0,1.0,1.0,1.0,0.0,True,2,True,0.0035154169891029596,27.426022270943342,1.197742223345796,1,1
93,single-outlier,Huber,1093,0.0060102988099968455,0.009823108868377492,0.014733242703309852,1,0,0,1.0,1.0,1.0,0.0,True,10,True,0.006692583003314212,27.039460677021626,4.03657117933162,1,1
93,single-outlier,Hampel,1093,0.004952749749180155,0.008207729710903113,0.012623532029353464,1,0,0,1.0,1.0,1.0,0.0,True,4,True,0.0032184589945245534,27.49918657704922,0.7775018273221904,1,1
94,single-outlier,WLS,1094,0.03210340564742045,0.051919569381417834,0.0893938569838683,0,0,1,0.0,0.0,0.0,0.0,False,1,True,0.0006410000205505639,94.9978834074458,33.749018650748425,0,1
94,single-outlier,DIA-reject,1094,0.005276077778776112,0.008219739384963228,0.01563976197831374,1,0,0,1.0,1.0,1.0,0.0,True,2,True,0.0034759579866658896,104.91373026702412,0.77982974189415,1,1
94,single-outlier,DIA-inflate,1094,0.005474574549106699,0.00855902712959668,0.01617342336503851,1,0,0,1.0,1.0,1.0,0.0,True,2,True,0.0035237499978393316,104.74200767135194,1.1798126010137422,1,1
94,single-outlier,Huber,1094,0.007271419019223266,0.011706932701353878,0.019916375900533904,1,0,0,1.0,1.0,1.0,0.0,True,7,True,0.004942875006236136,103.70149664340596,4.189518681880241,1,1
94,single-outlier,Hampel,1094,0.005276077778567683,0.0082197393847633,0.015639761977400957,1,0,0,1.0,1.0,1.0,0.0,True,4,True,0.003192834003129974,104.91373026702412,0.6931819927789113,1,1
95,single-outlier,WLS,1095,0.035272438058998754,0.059655229722913226,0.086172879714496,0,0,1,0.0,0.0,0.0,0.0,False,1,True,0.000672499998472631,81.04477687656836,15.768624569024038,0,1
95,single-outlier,DIA-reject,1095,0.013837545337052207,0.019989259650880893,0.04835837702427086,1,1,0,0.5,1.0,0.6666666666666666,0.06666666666666667,False,3,True,0.004824541014386341,111.1581768660845,1.1665618977222476,2,1
95,single-outlier,DIA-inflate,1095,0.013293945431668855,0.019032985128378505,0.04688252587083519,1,1,0,0.5,1.0,0.6666666666666666,0.06666666666666667,False,3,True,0.005098166991956532,110.64768434223917,1.1224177608817658,2,1
95,single-outlier,Huber,1095,0.006138108179419542,0.009544985138753967,0.01687337350009527,1,0,0,1.0,1.0,1.0,0.0,True,11,True,0.007406916993204504,104.92767646593863,3.700194676228157,1,1
95,single-outlier,Hampel,1095,0.010330676319653606,0.016851136555521815,0.026625485908025825,1,0,0,1.0,1.0,1.0,0.0,True,14,True,0.009323040983872488,110.13136774343639,1.428601213317937,1,1
96,single-outlier,WLS,1096,0.02624992726588662,0.041699987801188214,0.06368589329620997,0,0,1,0.0,0.0,0.0,0.0,False,1,True,0.0007077079790178686,60.46179250294287,30.608720470004894,0,1
96,single-outlier,DIA-reject,1096,0.0053011780090183695,0.008206239452589094,0.016792392827729468,1,0,0,1.0,1.0,1.0,0.0,True,2,True,0.004569291020743549,59.969317489791194,0.7404585272134009,1,1
96,single-outlier,DIA-inflate,1096,0.005148925446672577,0.007900647264166744,0.01636051618691343,1,0,0,1.0,1.0,1.0,0.0,True,2,True,0.004095209005754441,59.93354029930682,1.1690884103418924,1,1
96,single-outlier,Huber,1096,0.005115557894554204,0.008173784151512585,0.015095130725254785,1,0,0,1.0,1.0,1.0,0.0,True,7,True,0.0051995409885421395,59.732930432843496,4.244878265780791,1,1
96,single-outlier,Hampel,1096,0.005301178008737569,0.008206239452233281,0.016792392826017893,1,0,0,1.0,1.0,1.0,0.0,True,4,True,0.003193999989889562,59.969317489791194,0.6581853575239555,1,1
97,single-outlier,WLS,1097,0.03322104339033014,0.03539938588646947,0.1463083047284653,0,0,1,0.0,0.0,0.0,0.0,False,1,True,0.0006423750019166619,40.70260265839339,16.669659907894722,0,1
97,single-outlier,DIA-reject,1097,0.004305919185815235,0.007130657497265179,0.010186875699382286,1,0,0,1.0,1.0,1.0,0.0,True,2,True,0.003560875018592924,54.53591792656501,0.6049113328209872,1,1
97,single-outlier,DIA-inflate,1097,0.004210822946118776,0.006964789195851838,0.010025774317660186,1,0,0,1.0,1.0,1.0,0.0,True,2,True,0.0034812079975381494,54.221511766705454,0.853531062477031,1,1
97,single-outlier,Huber,1097,0.006501458081785314,0.008326664202874104,0.02616207210135729,1,0,0,1.0,1.0,1.0,0.0,True,11,True,0.007328624982619658,51.76862338782509,3.3613273469105738,1,1
97,single-outlier,Hampel,1097,0.004305919185606931,0.007130657496986354,0.010186875699443225,1,0,0,1.0,1.0,1.0,0.0,True,4,True,0.003613917011534795,54.53591792656501,0.5376989625067498,1,1
98,single-outlier,WLS,1098,0.021368570818349242,0.03009397488349583,0.07299304200004235,0,0,1,0.0,0.0,0.0,0.0,False,1,True,0.0006981249898672104,81.42967929494621,31.210774667994865,0,1
98,single-outlier,DIA-reject,1098,0.011118217822695018,0.018673558392820425,0.026040803584926903,1,0,0,1.0,1.0,1.0,0.0,True,2,True,0.0035558750096242875,87.08880577639867,0.9178964268242532,1,1
98,single-outlier,DIA-inflate,1098,0.010966798597710619,0.018441653188143194,0.025860146949531388,1,0,0,1.0,1.0,1.0,0.0,True,2,True,0.003558833006536588,86.98423459098424,1.262902542174673,1,1
98,single-outlier,Huber,1098,0.010230229013223513,0.017226047551699066,0.024700921273620214,1,0,0,1.0,1.0,1.0,0.0,True,9,True,0.0062032499990891665,86.17831035483223,4.163774557574105,1,1
98,single-outlier,Hampel,1098,0.011118217822886373,0.018673558393057323,0.026040803585483344,1,0,0,1.0,1.0,1.0,0.0,True,7,True,0.005063124990556389,87.08880577639867,0.8159079349529997,1,1
99,single-outlier,WLS,1099,0.018985702769545476,0.02374376341977927,0.06723518170682787,0,0,1,0.0,0.0,0.0,0.0,False,1,True,0.0006456249975599349,85.82063065318684,14.752425856613682,0,1
99,single-outlier,DIA-reject,1099,0.005926824556033075,0.009632611024266312,0.013723117176994263,1,0,0,1.0,1.0,1.0,0.0,True,2,True,0.0035234999959357083,85.91629640778375,0.6315045936115631,1,1
99,single-outlier,DIA-inflate,1099,0.005911883633532195,0.009458257958833526,0.01345426521188689,1,0,0,1.0,1.0,1.0,0.0,True,2,True,0.003648167010396719,85.9068296732354,0.8441215412221107,1,1
99,single-outlier,Huber,1099,0.0066545491612654195,0.011319260260500801,0.01576735262440843,1,0,0,1.0,1.0,1.0,0.0,True,9,True,0.006094040989410132,85.83091712879573,3.233414990227226,1,1
99,single-outlier,Hampel,1099,0.00592682455483179,0.00963261102210282,0.01372311717445926,1,0,0,1.0,1.0,1.0,0.0,True,4,True,0.0033830830070655793,85.91629640778375,0.5613374165330864,1,1
