outlier_magnitude_sigma,method,rmse_m_mean,rmse_m_median,rmse_m_std,mean_pos_error_m_mean,mean_pos_error_m_median,mean_pos_error_m_std,max_pos_error_m_mean,max_pos_error_m_median,max_pos_error_m_std,precision_mean,precision_median,precision_std,recall_mean,recall_median,recall_std,f1_mean,f1_median,f1_std,fpr_mean,fpr_median,fpr_std,iterations_mean,iterations_median,iterations_std,runtime_s_mean,runtime_s_median,runtime_s_std,variance_factor_mean,variance_factor_median,variance_factor_std,n_flagged_mean,n_flagged_median,n_flagged_std,convergence_rate,localization_rate
0,WLS,0.007984148021053208,0.007314552492030177,0.002887373514836538,0.013010607602817078,0.011845693550231753,0.0050833779785659,0.020586029394106715,0.019866134564615605,0.006646598601585559,1.0,1.0,0.0,1.0,1.0,0.0,1.0,1.0,0.0,0.0,0.0,0.0,1.0,1.0,0.0,0.0006542736014428859,0.0006391875067492947,4.139638370952461e-05,1.008140571941122,0.9765428981282112,0.301132829632346,0.0,0.0,0.0,1.0,1.0
0,DIA-reject,0.008013572641360293,0.0073810815274038075,0.0028750154822532376,0.013108964350108951,0.011971032595739395,0.0050291616407426125,0.020428409907756153,0.019790900369665368,0.006607644018150177,0.9666666666666667,1.0,0.18257418583505536,1.0,1.0,0.0,0.9666666666666667,1.0,0.18257418583505536,0.0020833333333333333,0.0,0.01141088661469096,1.0333333333333334,1.0,0.18257418583505536,0.0021538791013881566,0.0020992495119571686,0.00025313978067141536,0.9915682449136345,0.9765428981282112,0.28425753917901014,0.03333333333333333,0.0,0.18257418583505536,0.9333333333333333,0.9666666666666667
0,DIA-inflate,0.008010779792018296,0.007339188787273838,0.002875802803125004,0.013103338217687895,0.011886640609423554,0.005030723290183827,0.020429177733110572,0.019802417749981614,0.0066075609412604005,0.9666666666666667,1.0,0.18257418583505536,1.0,1.0,0.0,0.9666666666666667,1.0,0.18257418583505536,0.0020833333333333333,0.0,0.01141088661469096,1.0333333333333334,1.0,0.18257418583505536,0.002155324965133332,0.002097457996569574,0.0002731888589776564,0.9881095871465422,0.9546452310465143,0.2842869673279707,0.03333333333333333,0.0,0.18257418583505536,0.9333333333333333,0.9666666666666667
0,Huber,0.00797443103364657,0.007330312466390975,0.0028934402758345116,0.01299883942812855,0.011855937544203873,0.0050951034682292186,0.02054428212286245,0.019866134564615605,0.00663629852986773,1.0,1.0,0.0,1.0,1.0,0.0,1.0,1.0,0.0,0.0,0.0,0.0,3.466666666666667,2.0,2.750966392370874,0.002842470862863896,0.0019946460088249296,0.0016094828381458363,0.9989311846319293,0.9765428981282112,0.28987118026105235,0.0,0.0,0.0,1.0,1.0
0,Hampel,0.00797443103364657,0.007330312466390975,0.0028934402758345116,0.01299883942812855,0.011855937544203873,0.0050951034682292186,0.02054428212286245,0.019866134564615605,0.00663629852986773,1.0,1.0,0.0,1.0,1.0,0.0,1.0,1.0,0.0,0.0,0.0,0.0,3.466666666666667,2.0,2.750966392370874,0.002841883232273782,0.0019941250066040084,0.0016119793699079636,0.9989311846319293,0.9765428981282112,0.28987118026105235,0.0,0.0,0.0,1.0,1.0
3,WLS,0.007715510398560287,0.0068973481227254,0.002894855127341171,0.012537120945921298,0.011503086705861221,0.004855002500785154,0.020059184641356552,0.01722451251906958,0.007313172493925765,0.0,0.0,0.0,0.0,0.0,0.0,0.0,0.0,0.0,0.0,0.0,0.0,1.0,1.0,0.0,0.0006418777319292227,0.0006365209846990183,1.5739126990183312e-05,1.3291781954054354,1.3477267798677508,0.29193485816387776,0.0,0.0,0.0,1.0,0.0
3,DIA-reject,0.007728353696926125,0.0068973481227254,0.0028862806551381106,0.012538263640966977,0.011503086705861221,0.004877996838472926,0.020249508573766457,0.016706402289256045,0.007045406340430333,0.13333333333333333,0.0,0.3457459036417604,0.13333333333333333,0.0,0.3457459036417604,0.13333333333333333,0.0,0.3457459036417604,0.0,0.0,0.0,1.1333333333333333,1.0,0.3457459036417604,0.0022814902700095748,0.0020907084981445223,0.000487488862625899,1.2160730711078631,1.2635508900953387,0.3012891607605154,0.13333333333333333,0.0,0.3457459036417604,0.8333333333333334,0.13333333333333333
3,DIA-inflate,0.007725811483968599,0.0068973481227254,0.0028878777171927727,0.0125344505454201,0.011503086705861221,0.004880201314246688,0.02024470026961891,0.016706402289256045,0.007047359144250376,0.13333333333333333,0.0,0.3457459036417604,0.13333333333333333,0.0,0.3457459036417604,0.13333333333333333,0.0,0.3457459036417604,0.0,0.0,0.0,1.1333333333333333,1.0,0.3457459036417604,0.002274762500504342,0.0020677080028690398,0.0005183198604281598,1.205625936551508,1.2635508900953387,0.3114608000738835,0.13333333333333333,0.0,0.3457459036417604,0.8333333333333334,0.13333333333333333
3,Huber,0.00764711001387028,0.006881421000910756,0.002921526861278435,0.012433411353117627,0.011300882293840894,0.004897304719165259,0.01993353184235489,0.017005101874490253,0.007308678051797221,0.03333333333333333,0.0,0.18257418583505536,0.03333333333333333,0.0,0.18257418583505536,0.03333333333333333,0.0,0.18257418583505536,0.0,0.0,0.0,5.533333333333333,4.5,4.264798441559277,0.004017093003494665,0.0034288124879822135,0.002477397934076136,1.253939919188163,1.2735485877683317,0.24742448283524263,0.03333333333333333,0.0,0.18257418583505536,1.0,0.03333333333333333
3,Hampel,0.00764711001387028,0.006881421000910756,0.002921526861278435,0.012433411353117627,0.011300882293840894,0.004897304719165259,0.01993353184235489,0.017005101874490253,0.007308678051797221,0.03333333333333333,0.0,0.18257418583505536,0.03333333333333333,0.0,0.18257418583505536,0.03333333333333333,0.0,0.18257418583505536,0.0,0.0,0.0,5.533333333333333,4.5,4.264798441559277,0.004030963966700559,0.003439292006078176,0.0025025888958009205,1.253939919188163,1.2735485877683317,0.24742448283524263,0.03333333333333333,0.0,0.18257418583505536,1.0,0.03333333333333333
5,WLS,0.008554457623517272,0.007778627498305287,0.002786368871218294,0.013818397891236848,0.012358878276758831,0.004771870168793766,0.022446692436206287,0.021250326965239597,0.006498434189425802,0.0,0.0,0.0,0.0,0.0,0.0,0.0,0.0,0.0,0.0,0.0,0.0,1.0,1.0,0.0,0.0006911902669041107,0.0006373960059136152,0.00025170884172431407,1.8544670586937646,1.8188988807609383,0.45240509569518755,0.0,0.0,0.0,1.0,0.0
5,DIA-reject,0.007848425633226316,0.007028365662889481,0.0029715164484943363,0.012739716770069999,0.011344949533020333,0.00502668244775881,0.020478419695967108,0.018813394548596294,0.00718735519340476,0.6333333333333333,1.0,0.49013251785356104,0.6333333333333333,1.0,0.49013251785356104,0.6333333333333333,1.0,0.49013251785356104,0.0,0.0,0.0,1.6333333333333333,2.0,0.49013251785356093,0.0034522555351334935,0.0034295209916308522,0.0022626788760538225,1.1485494297695802,1.171227002346928,0.32656633669116814,0.6333333333333333,1.0,0.49013251785356104,0.8666666666666667,0.6333333333333333
5,DIA-inflate,0.00784058212782373,0.007019434437616382,0.002975775376489114,0.01272901524198209,0.011339225934520138,0.005031796144889016,0.02045500012581822,0.018766295285270407,0.0072027329242519865,0.6333333333333333,1.0,0.49013251785356104,0.6333333333333333,1.0,0.49013251785356104,0.6333333333333333,1.0,0.49013251785356104,0.0,0.0,0.0,1.6333333333333333,2.0,0.49013251785356093,0.003289394399810893,0.0034971040004165843,0.001646675361098211,1.0909823926963276,1.0662540082402834,0.3301160736820009,0.6333333333333333,1.0,0.49013251785356104,0.8666666666666667,0.6333333333333333
5,Huber,0.007993334705303988,0.007040834240404151,0.002976729380866799,0.012977459704275584,0.011556719414373568,0.005030450922845138,0.020642567430173467,0.018525255798384474,0.007087291383157573,0.36666666666666664,0.0,0.49013251785356093,0.36666666666666664,0.0,0.49013251785356093,0.36666666666666664,0.0,0.49013251785356093,0.0,0.0,0.0,8.033333333333333,8.0,3.8728349531980633,0.005687568167923018,0.005649709011777304,0.002388279893952574,1.5023948916631642,1.5360846375505626,0.24325721874373282,0.36666666666666664,0.0,0.49013251785356093,1.0,0.36666666666666664
5,Hampel,0.007981005063918823,0.007040834240404151,0.0029819710603071186,0.012951083595660409,0.011556719414373568,0.005046661447408339,0.020663657409340907,0.018525255798384474,0.00705000988831671,0.36666666666666664,0.0,0.49013251785356093,0.36666666666666664,0.0,0.49013251785356093,0.36666666666666664,0.0,0.49013251785356093,0.0,0.0,0.0,8.7,8.0,4.54972526643093,0.006023141632128196,0.005750791504397057,0.0027542241119202578,1.463070415456112,1.5137642252659065,0.25975469252772554,0.36666666666666664,0.0,0.49013251785356093,1.0,0.36666666666666664
8,WLS,0.010230410732103849,0.00984230081636283,0.002842269495697775,0.016352513330939983,0.015589402378851584,0.004993534590703783,0.027507225732974004,0.027148051980058777,0.006422552111696135,0.0,0.0,0.0,0.0,0.0,0.0,0.0,0.0,0.0,0.0,0.0,0.0,1.0,1.0,0.0,0.0006446319292687501,0.0006339164974633604,3.0950688471384185e-05,3.1354656411732456,3.0858938172197585,0.8917174873568031,0.0,0.0,0.0,1.0,0.0
8,DIA-reject,0.007386910992522997,0.006578049945063577,0.0030155348807712774,0.011976734344605184,0.010957417668521076,0.005065521120735425,0.01935458639494083,0.0158975043692351,0.007660719443764775,1.0,1.0,0.0,1.0,1.0,0.0,1.0,1.0,0.0,0.0,0.0,0.0,2.0,2.0,0.0,0.0034736125662069147,0.0034787914919434115,5.861304365842585e-05,1.0151922268978313,1.0556848749682957,0.31979514718100976,1.0,1.0,0.0,0.9333333333333333,1.0
8,DIA-inflate,0.007381278410403937,0.006622336040266557,0.00302292890035707,0.01197092094951503,0.010895711608218653,0.005076600975615568,0.019331800195841943,0.015771487268103686,0.007677403011634458,1.0,1.0,0.0,1.0,1.0,0.0,1.0,1.0,0.0,0.0,0.0,0.0,2.0,2.0,0.0,0.0035574180335970597,0.0035438744962448254,8.138517997408183e-05,0.9410143154486259,0.9733187231918226,0.2744712285823265,1.0,1.0,0.0,0.9666666666666667,1.0
8,Huber,0.008158975656617915,0.007048556542963673,0.0030217198862100615,0.01322069536364808,0.011585703089478082,0.005115078966355083,0.020939303439762014,0.01880133178360012,0.007110782743178973,0.8333333333333334,1.0,0.3790490217894517,0.8333333333333334,1.0,0.3790490217894517,0.8333333333333334,1.0,0.3790490217894517,0.0,0.0,0.0,9.1,9.0,3.1000556168537052,0.006087002733450694,0.005957250003120862,0.0018093788349974166,1.8477053017673883,1.8893163791592253,0.2681712931328173,0.8333333333333334,1.0,0.3790490217894517,1.0,0.8333333333333334
8,Hampel,0.00785416086173614,0.0068711801916284555,0.0031082563180365856,0.012761429368478343,0.01110428045857251,0.005235689312413842,0.02011982817411371,0.017787833040260416,0.00748213792476524,0.8333333333333334,1.0,0.3790490217894517,0.8333333333333334,1.0,0.3790490217894517,0.8333333333333334,1.0,0.3790490217894517,0.0,0.0,0.0,11.3,9.5,6.0409521971520235,0.007342772302217781,0.006268187004025094,0.0034620374919119186,1.4308081267529462,1.4417231254264777,0.40309625136755445,0.8333333333333334,1.0,0.3790490217894517,1.0,0.8333333333333334
12,WLS,0.012887218102694574,0.012353762479183059,0.0034576483853997783,0.020287817682618416,0.018715024583428372,0.006160731732351593,0.03681107283079076,0.03566442133644025,0.008346995924474729,0.0,0.0,0.0,0.0,0.0,0.0,0.0,0.0,0.0,0.0,0.0,0.0,1.0,1.0,0.0,0.0006329736032057553,0.0006277710053836927,1.715850520673321e-05,5.763852287938888,5.871934806109471,1.7862185948390885,0.0,0.0,0.0,1.0,0.0
12,DIA-reject,0.007386910992522997,0.006578049945063577,0.0030155348807712774,0.011976734344605184,0.010957417668521076,0.005065521120735425,0.01935458639494083,0.0158975043692351,0.007660719443764775,1.0,1.0,0.0,1.0,1.0,0.0,1.0,1.0,0.0,0.0,0.0,0.0,2.0,2.0,0.0,0.0034467943662699935,0.003457166996668093,5.3710947847287365e-05,1.0151922268978313,1.0556848749682957,0.31979514718100976,1.0,1.0,0.0,0.9333333333333333,1.0
12,DIA-inflate,0.007384235044533527,0.006648607446675583,0.003025283889150875,0.0119759656893611,0.01087827171030294,0.005081406769277585,0.019337545259327665,0.01572643176029889,0.007672707799127549,1.0,1.0,0.0,1.0,1.0,0.0,1.0,1.0,0.0,0.0,0.0,0.0,2.0,2.0,0.0,0.0035477902002943058,0.003549978995579295,6.007842384917834e-05,0.9864302186062682,1.0163350512168168,0.2681052647263702,1.0,1.0,0.0,0.9666666666666667,1.0
12,Huber,0.008228535780818785,0.007190828758612284,0.003034730294506255,0.013314854531745504,0.011659962217841468,0.005133640017512862,0.021086824898489155,0.018787366640308164,0.0071627346029236915,1.0,1.0,0.0,1.0,1.0,0.0,1.0,1.0,0.0,0.0,0.0,0.0,9.0,8.0,3.2800336415432043,0.005992820698884316,0.0054183124884730205,0.0019207592643303993,2.309976615264645,2.326454685681206,0.32679210072161313,1.0,1.0,0.0,1.0,1.0
12,Hampel,0.007501346482943688,0.006643907255072859,0.003083891006625618,0.012179697009437504,0.011030775726755995,0.0051804004088480135,0.019503554638267074,0.01616471322163937,0.007672437692075957,1.0,1.0,0.0,1.0,1.0,0.0,1.0,1.0,0.0,0.0,0.0,0.0,7.133333333333334,6.5,3.082020534440457,0.004945072369688812,0.0045112919906387106,0.0017705412563747318,1.0574919840957668,1.0083973552899599,0.416614620294572,1.0,1.0,0.0,1.0,1.0
20,WLS,0.018838040546668215,0.017666014233684767,0.005682714625070872,0.028979906386977703,0.02691755724392253,0.010108902351379212,0.05705923067438093,0.05353458481054416,0.014486599011642969,0.0,0.0,0.0,0.0,0.0,0.0,0.0,0.0,0.0,0.0,0.0,0.0,1.0,1.0,0.0,0.0006426930961121494,0.0006350210023811087,2.0951933796312156e-05,14.176243421789366,14.041232074037822,4.606119144167368,0.0,0.0,0.0,1.0,0.0
20,DIA-reject,0.007386910992522997,0.006578049945063577,0.0030155348807712774,0.011976734344605184,0.010957417668521076,0.005065521120735425,0.01935458639494083,0.0158975043692351,0.007660719443764775,1.0,1.0,0.0,1.0,1.0,0.0,1.0,1.0,0.0,0.0,0.0,0.0,2.0,2.0,0.0,0.0034860125354801617,0.003468750510364771,6.449252631945845e-05,1.0151922268978313,1.0556848749682957,0.31979514718100976,1.0,1.0,0.0,0.9333333333333333,1.0
20,DIA-inflate,0.007392431599931512,0.006662599332817476,0.0030294707216942606,0.011989442611689214,0.010848227943843072,0.005090177965281745,0.019353553880208593,0.01574833292010782,0.007661357843325107,1.0,1.0,0.0,1.0,1.0,0.0,1.0,1.0,0.0,0.0,0.0,0.0,2.0,2.0,0.0,0.003543405464733951,0.003535416501108557,5.06697729607165e-05,1.131696128212334,1.1590493083352555,0.26020063324457493,1.0,1.0,0.0,0.9333333333333333,1.0
20,Huber,0.008284667182170661,0.007217529207463574,0.0030436608220094584,0.013390144796851602,0.011720150941344161,0.005144838567586896,0.02128821276510645,0.01876905319311626,0.007247362714025729,1.0,1.0,0.0,1.0,1.0,0.0,1.0,1.0,0.0,0.0,0.0,0.0,8.966666666666667,8.0,3.3268327418062396,0.006006302834915308,0.005450458513223566,0.0019205581616765464,3.242632994620108,3.3014251583773935,0.48254132151161605,1.0,1.0,0.0,1.0,1.0
20,Hampel,0.007379501281341753,0.006578049945374146,0.003009996644465987,0.011960140260961765,0.010957417669266382,0.005054674143054754,0.019337637826740826,0.015897504368513615,0.007641492338012812,1.0,1.0,0.0,1.0,1.0,0.0,1.0,1.0,0.0,0.0,0.0,0.0,4.766666666666667,4.0,2.0288154065914887,0.0036522013659123333,0.0032313749979948625,0.0011924128546013217,0.8998287026517381,0.9383865555297014,0.28084592118164525,1.0,1.0,0.0,1.0,1.0
30,WLS,0.026756981990467988,0.024423372695712302,0.008935857372201882,0.04049130239347836,0.036243383751936274,0.01587684433377013,0.08288215561514194,0.07541003706839183,0.023040935140928545,0.0,0.0,0.0,0.0,0.0,0.0,0.0,0.0,0.0,0.0,0.0,0.0,1.0,1.0,0.0,0.0006395861351241668,0.0006346250011119992,1.8834723155746988e-05,30.60851578980038,30.445857693396135,10.07997368499216,0.0,0.0,0.0,1.0,0.0
30,DIA-reject,0.007386910992522997,0.006578049945063577,0.0030155348807712774,0.011976734344605184,0.010957417668521076,0.005065521120735425,0.01935458639494083,0.0158975043692351,0.007660719443764775,1.0,1.0,0.0,1.0,1.0,0.0,1.0,1.0,0.0,0.0,0.0,0.0,2.0,2.0,0.0,0.0034685569640714674,0.003461583488387987,3.49302136585018e-05,1.0151922268978313,1.0556848749682957,0.31979514718100976,1.0,1.0,0.0,0.9333333333333333,1.0
30,DIA-inflate,0.0073672249550629015,0.006681146268899323,0.0030079039783655727,0.01196872197397438,0.01083224524011445,0.005073806396170025,0.01922010737883312,0.015791694149995462,0.007494237469237764,0.9833333333333333,1.0,0.09128709291752769,1.0,1.0,0.0,0.9888888888888889,1.0,0.0608580619450185,0.0022222222222222222,0.0,0.012171612389003689,2.033333333333333,2.0,0.18257418583505533,0.003629854201183965,0.003561770499800332,0.00027440982587328353,1.3955942309060156,1.4014244533721993,0.2856007133572159,1.0333333333333334,1.0,0.18257418583505539,0.5666666666666667,0.9666666666666667
30,Huber,0.008313232949821234,0.007228993431888622,0.0030478897248390102,0.013428403879298723,0.011773502704508776,0.0051500044006233,0.021428033247430076,0.01875765069632939,0.007253179323625737,1.0,1.0,0.0,1.0,1.0,0.0,1.0,1.0,0.0,0.0,0.0,0.0,9.066666666666666,8.0,3.4832934606968355,0.006066612536475683,0.005420729488832876,0.0020249863743951784,4.4122259633356995,4.539368091570255,0.7039640101192952,1.0,1.0,0.0,1.0,1.0
30,Hampel,0.0073795014527605705,0.006578049945374146,0.0030099967634010702,0.011960140653969331,0.010957417669266382,0.005054674375619142,0.01933763823353026,0.015897504368513615,0.00764149278487481,1.0,1.0,0.0,1.0,1.0,0.0,1.0,1.0,0.0,0.0,0.0,0.0,4.7,4.0,2.0535923108811898,0.003633938967444313,0.0032181460119318217,0.0012352717813191969,0.8998287647018451,0.9383865555297014,0.28084599938911303,1.0,1.0,0.0,1.0,1.0
50,WLS,0.04312850605680475,0.03887852808248793,0.015603848652123204,0.06425309947952688,0.057726509729041225,0.027791397917434207,0.13520226268801913,0.12225353034270003,0.04019654847504686,0.0,0.0,0.0,0.0,0.0,0.0,0.0,0.0,0.0,0.0,0.0,0.0,1.0,1.0,0.0,0.0006333651952445507,0.0006280835077632219,1.857324898315531e-05,83.19567202800461,80.22472664695718,27.56262232771088,0.0,0.0,0.0,1.0,0.0
50,DIA-reject,0.007386910992522997,0.006578049945063577,0.0030155348807712774,0.011976734344605184,0.010957417668521076,0.005065521120735425,0.01935458639494083,0.0158975043692351,0.007660719443764775,1.0,1.0,0.0,1.0,1.0,0.0,1.0,1.0,0.0,0.0,0.0,0.0,2.0,2.0,0.0,0.0034415430709486827,0.003441542008658871,4.662065257877174e-05,1.0151922268978313,1.0556848749682957,0.31979514718100976,1.0,1.0,0.0,0.9333333333333333,1.0
50,DIA-inflate,0.007449896283280703,0.0066514347123045455,0.0030394607908620706,0.012080298966656895,0.010806742782046852,0.005112546092873284,0.019470806351897782,0.01633570020412392,0.007591801907258713,1.0,1.0,0.0,1.0,1.0,0.0,1.0,1.0,0.0,0.0,0.0,0.0,2.0,2.0,0.0,0.003520176431629807,0.003519666992360726,5.0633358637870637e-05,2.3228482658187306,2.333659033431898,0.5637675133557754,1.0,1.0,0.0,0.03333333333333333,1.0
50,Huber,0.008336420876488865,0.007236993593865669,0.0030512617755984817,0.01345949461093813,0.011873857773119702,0.0051542095287198985,0.021543643560005484,0.0187475041390845,0.007259839738535815,1.0,1.0,0.0,1.0,1.0,0.0,1.0,1.0,0.0,0.0,0.0,0.0,9.233333333333333,8.0,3.820844222774941,0.006106556966551579,0.005359187503927387,0.002200484642825922,6.754290022679664,6.9145271513746565,1.1710168311803302,1.0,1.0,0.0,1.0,1.0
50,Hampel,0.011819890207869034,0.006832828650622421,0.012218140215778762,0.015235446409807878,0.010991156839397907,0.010253702097111104,0.04135088047534833,0.017237771809373297,0.058607893538482406,0.9027777777777778,1.0,0.25246233106726684,1.0,1.0,0.0,0.9233333333333333,1.0,0.19945327571990967,0.024444444444444446,0.0,0.06428703195552012,5.066666666666666,4.0,2.258063456750639,0.0038025916670449077,0.003238291494199075,0.0013409682444201305,0.8757080193211412,0.9206351803682538,0.3022868698114377,1.3666666666666667,1.0,0.9643054793328018,1.0,0.8666666666666667
