run,n_incident,incident_significant,off_station_significant,incident_recall,median_incident_angular_error_deg
0,2,0,1,0.0,37.51173083449298
1,2,1,1,0.5,17.678585162294507
2,2,0,1,0.0,8.502378303342732
3,2,0,1,0.0,39.73729270738402
4,2,2,2,1.0,8.22366207246313
5,2,0,0,0.0,74.92580328284943
6,2,1,2,0.5,8.793416437291905
7,2,0,0,0.0,14.047049726751247
8,2,2,1,1.0,10.288930843636294
9,2,0,1,0.0,43.4540858371072
10,2,1,0,0.5,8.809927961928292
11,2,2,1,1.0,15.978455793132163
12,2,1,1,0.5,44.1685614035001
13,2,1,1,0.5,20.864525010397916
14,2,0,0,0.0,20.62746878646214
15,2,0,1,0.0,12.680054599401513
16,2,1,2,0.5,10.634579406190824
17,2,1,2,0.5,6.277864890390152
18,2,1,2,0.5,17.168724784278968
19,2,2,1,1.0,10.284350522156052
20,2,1,1,0.5,17.98057266991283
21,2,1,2,0.5,42.9629765779848
22,2,1,1,0.5,6.8125596987925885
23,2,0,1,0.0,51.47567937435887
24,2,1,2,0.5,11.56757060613531
25,2,1,0,0.5,35.80055053044143
26,2,0,1,0.0,24.548745643452783
27,2,0,0,0.0,40.47098115150701
28,2,0,1,0.0,13.016565043866795
29,2,1,3,0.5,19.804872714449974
30,2,1,1,0.5,6.865727792566899
31,2,1,2,0.5,26.04735446488227
32,2,0,2,0.0,11.98805310440434
33,2,2,1,1.0,8.628623324423538
34,2,0,0,0.0,16.83609026246351
35,2,0,0,0.0,25.221883168663652
36,2,1,3,0.5,14.427162075060362
37,2,1,0,0.5,7.912702539527058
38,2,1,2,0.5,25.517751548974275
39,2,1,4,0.5,9.65488412992579
40,2,1,1,0.5,13.825463242243266
41,2,0,1,0.0,24.678781406551433
42,1,0,0,0.0,
43,2,1,1,0.5,15.763895352738972
44,2,1,1,0.5,16.34252969444856
45,2,2,0,1.0,7.758335675133917
46,2,2,0,1.0,22.09669578779686
47,2,0,1,0.0,13.723747297413508
48,2,0,1,0.0,11.701752919560654
49,2,2,2,1.0,11.725433475188215
50,2,0,2,0.0,42.73880578904083
51,2,0,0,0.0,15.416986571451062
52,2,1,2,0.5,12.8799882042152
53,2,0,0,0.0,51.59900839312289
54,2,2,2,1.0,6.62529204402839
55,2,1,1,0.5,5.12443143889757
56,2,0,2,0.0,18.68649488535241
57,2,0,0,0.0,33.289168338076976
58,2,0,1,0.0,10.921646990666154
59,2,1,1,0.5,9.117766011614773
60,2,0,1,0.0,20.179350202969566
61,2,2,2,1.0,4.3675500016889774
62,2,1,0,0.5,34.67167979439774
63,2,1,1,0.5,44.91699576753942
64,2,1,2,0.5,13.004322892205114
65,2,0,0,0.0,25.54763544021837
66,2,1,2,0.5,18.677951704833845
67,2,2,2,1.0,14.094739317563343
68,2,0,1,0.0,29.007431541704552
69,2,0,0,0.0,58.889715033543844
70,2,0,2,0.0,34.743549206087884
71,2,0,0,0.0,24.325487912791626
72,2,2,0,1.0,22.798308071350153
73,2,1,2,0.5,21.80035757793685
74,2,0,1,0.0,10.498927037264412
75,2,0,1,0.0,25.788365160668054
76,2,2,2,1.0,10.659914833868172
77,2,1,1,0.5,2.746120886510572
78,2,2,3,1.0,14.394483984039553
79,2,0,0,0.0,77.87855467632426
80,2,2,1,1.0,4.147529919144775
81,2,2,1,1.0,11.64508888950777
82,2,0,0,0.0,19.179566191247865
83,2,0,0,0.0,26.250463212386293
84,2,0,0,0.0,18.145307391444035
85,2,1,2,0.5,6.558658736022984
86,2,1,3,0.5,17.54746944880431
87,2,0,1,0.0,22.218619297560615
88,2,0,2,0.0,15.014287077281274
89,2,2,1,1.0,42.66436848868857
90,2,0,1,0.0,10.797005530410853
91,2,1,1,0.5,32.935363691273906
92,2,2,1,1.0,6.445665002816248
93,2,2,1,1.0,10.582664444250483
94,2,2,1,1.0,10.081565112498676
95,2,1,1,0.5,11.212757699411501
96,2,1,2,0.5,9.353905966894128
97,2,2,1,1.0,9.511811563522055
98,2,1,2,0.5,15.201321801991353
99,2,1,1,0.5,8.082475434047863
