run,seed,direction_x,direction_y,direction_z,longitude_rad,latitude_rad,angular_error_deg,detected_correctly,target_significant,sd_statistic,identity_error
0,7000,-0.5659282572050208,-0.784206881054446,0.2544499467552423,-2.1959096955744344,0.25727888671118293,7.6619830877732715,True,True,19.694594489456463,0.0
1,7001,0.25317729526799193,0.7543923755614855,0.6056347090907872,1.2470033323305687,0.6505632565056009,13.13929337986814,True,True,13.933088436061835,2.842170943040401e-14
2,7002,0.1492982350461116,-0.9780048228610656,-0.14565920318542167,-1.419309910845623,-0.1461792493668742,3.111090177408374,True,True,18.965843599727176,5.684341886080802e-14
3,7003,0.2861195532179971,-0.14801135459410872,0.9466933189674208,-0.4773963429592362,1.2428111708062264,3.2636277424682247,True,True,11.49362437762396,2.842170943040401e-14
4,7004,0.7088121378597683,-0.23518090663911237,0.6650378142444759,-0.32036615743030583,0.7275444512387231,1.896567404543716,True,True,13.843297577832123,0.0
5,7005,0.8369128750583967,-0.12533013739397297,-0.5327937651871464,-0.1486482848010491,-0.5618985138042534,7.315378132647109,True,True,21.105272847550083,0.0
6,7006,-0.570253568840861,-0.7828100217472865,0.24903681871617733,-2.2003752086000863,0.25168561334530243,8.249701447948546,True,True,14.502702370777687,0.0
7,7007,0.633183422835567,0.7066371910662851,0.31582057128722035,0.8401669200464557,0.321321364151907,3.4071676662523482,True,True,16.534104732385465,0.0
8,7008,-0.668268126936038,0.6321897909494646,-0.3921144969784611,2.3839301698431776,-0.40292904488728165,6.322743959386992,True,True,19.92538544985951,0.0
9,7009,0.9686714584158197,-0.20984458932001962,-0.13281887660901592,-0.21333489262533267,-0.13321251594773773,0.9264141368551821,True,True,16.479082097345387,5.684341886080802e-14
10,7010,-0.9839600153476681,-0.12146123865431968,0.13065165786003252,-3.018772737170673,0.13102624323214482,5.232888835804908,True,True,15.5106731732444,5.684341886080802e-14
11,7011,-0.058943622229937445,-0.47895001631044,-0.87586102280821,-1.6932490089622716,-1.0672172062607161,2.917890272764121,True,True,11.956908277081807,2.842170943040401e-14
12,7012,0.7593849053215249,0.45126420438459874,-0.4687165277766017,0.536180563696226,-0.48783725473278067,9.543555019532393,True,True,17.75745222082414,0.0
13,7013,-0.4589969623486902,0.7439729764857037,-0.4856191911505121,2.1235886833723483,-0.5070713469806395,1.366901385451868,True,True,12.29506063940524,2.842170943040401e-14
14,7014,0.06215363573161245,-0.891996158192778,0.44774968379069435,-1.501229504406721,0.46424706380323455,3.147259039659658,True,True,17.617168249430758,5.684341886080802e-14
15,7015,0.5472123390273225,0.24853659144813353,0.7992422778654732,0.4263301668273006,0.9260334088839256,1.324626920873346,True,True,19.66240425114952,0.0
16,7016,0.7159820951181176,0.27944338036585414,0.6397507613438028,0.37211107043849273,0.6941739382733616,7.661657011151224,True,True,18.50086010826769,0.0
17,7017,-0.7343313273803292,0.065763073805175,0.6755980459944646,3.052275878435383,0.7417755636694481,3.886720023295719,True,True,15.406683959296506,5.684341886080802e-14
18,7018,-0.5520219713363282,0.7545991620012502,0.3547560399330288,2.202380137596176,0.36265312302327735,11.522118260622365,True,True,20.449790355202104,5.684341886080802e-14
19,7019,0.6342827645070803,0.28813689688456945,0.7173998210921066,0.42640083557623604,0.8000627690320761,3.2572182197964583,True,True,16.659165956851716,5.684341886080802e-14
20,7020,-0.43958019578402596,0.640204623406621,0.6300057869918848,2.172488943280553,0.6815606633344884,4.883042234994807,True,True,17.154902403630363,0.0
21,7021,-0.20369998482329718,0.1657298474050323,0.9649041060447889,2.458615226605955,1.3050779641400356,1.1623604086381492,True,True,14.132140875572071,0.0
22,7022,-0.6745478601623972,-0.4961991612252632,0.5466000153216942,-2.5073697342566517,0.5782986341476131,9.170481916497625,True,True,16.624418115869215,5.684341886080802e-14
23,7023,0.7802060805250839,-0.6004478482533847,-0.17533069736804915,-0.6559285602404953,-0.17624165872756456,2.046800017902586,True,True,25.0956781630435,1.1368683772161603e-13
24,7024,-0.7382065172183352,-0.4813871123389999,-0.47256490137365786,-2.5637400635845076,-0.4921988895821159,4.203634147825518,True,True,18.66599729943834,0.0
25,7025,-0.5305087403990432,-0.3361901546121239,0.7781623585744153,-2.5767525069091852,0.8917346040357016,2.2539529253403447,True,True,17.313923399066024,0.0
26,7026,0.8784298102204171,-0.36955192503826384,-0.30297267734341266,-0.3982194969949161,-0.3078104001015068,2.2778744873848598,True,True,16.924083097834757,5.684341886080802e-14
27,7027,-0.7946051198868196,0.21900329790250345,-0.5662510564736108,2.872656868270106,-0.6019503071651493,2.2598992274282055,True,True,23.50213937383872,1.1368683772161603e-13
28,7028,-0.15671715762238198,0.9747306656677616,0.15918499274003114,1.7302119879156646,0.15986506407748957,3.041651022545858,True,True,17.891502399802665,5.684341886080802e-14
29,7029,-0.8744372322990435,0.3537788525305755,0.33196392917203804,2.7571451930428097,0.33838480924124664,1.6847527363067105,True,True,23.187520918105882,0.0
30,7030,-0.7085373876713257,0.16980501344432822,0.684938703594026,2.906373260286059,0.7545195665788706,4.959698096137306,True,True,17.730981296535568,0.0
31,7031,0.2864339743616872,-0.8282163596534483,0.48167752691376214,-1.2378284039552738,0.5025679310574664,8.264945106754098,True,True,18.373279351415064,5.684341886080802e-14
32,7032,0.26292342495161036,0.4492123896753606,0.8538615236523233,1.0412567496759404,1.0233596261103386,2.4056447218422523,False,True,11.748681753022954,0.0
33,7033,0.15135232024795647,-0.9556109135146749,-0.25278500178453733,-1.4137183064927772,-0.2555576654643507,2.9988277622415915,True,True,20.219858769825684,5.684341886080802e-14
34,7034,0.21226337725294125,0.40754515765264526,0.888172957903502,1.090620767738784,1.0933536896912446,3.9530305047424137,True,True,10.650529637003576,2.842170943040401e-14
35,7035,0.775549864721908,0.5368782777238547,0.33209053319553966,0.6055090480619607,0.33851902749298995,1.7605925576787558,True,True,17.603586433970655,5.684341886080802e-14
36,7036,0.3141169188710951,-0.6352170728029277,0.7055705717351098,-1.1115557640595184,0.7832279882822065,8.255347049847087,True,True,17.887019062535497,0.0
37,7037,-0.33663419172037046,-0.7049240196305028,-0.6243072540926844,-2.0163205505628192,-0.6742444228729386,1.4720232969231806,True,True,17.156101056751,5.684341886080802e-14
38,7038,-0.308647242543527,-0.6521253304647399,0.6924373134346032,-2.0128520964525527,0.7648618229059602,9.545570343251578,True,True,14.363000195381316,2.842170943040401e-14
39,7039,-0.3946180736008862,0.7456152506659273,-0.5369678518886508,2.057570458339633,-0.5668386961644059,9.237735000762594,True,True,15.401234052964504,5.684341886080802e-14
40,7040,0.7273431474799511,0.4211636036379575,0.5418423800189939,0.5248680577843026,0.572627621074925,15.48415733326858,True,True,13.544976447374465,0.0
41,7041,0.2122245565319682,0.9768924565266869,-0.02533507422654279,1.356875784817418,-0.02533778529674724,4.457638004221412,True,True,23.328874700057725,1.1368683772161603e-13
42,7042,-0.9271834490399578,0.02464121287308906,-0.3737962846986462,3.115022492156539,-0.38309864346320516,7.6418801624138455,True,True,18.177907181761498,0.0
43,7043,0.8885271484914781,-0.44329644634337473,0.11835441290014646,-0.462776460457613,0.11863248281105472,9.231243483138517,True,True,22.03178040725355,1.1368683772161603e-13
44,7044,-0.5800316599085673,-0.3224777273848132,0.7480450446627116,-2.634180765742717,0.8451113961789101,6.829719198703176,False,True,11.528992575268497,0.0
45,7045,0.0886834389211628,0.6407368064331368,-0.7626215264093859,1.4332616028997,-0.8673562788885644,4.827797224209574,True,True,17.981346856420533,0.0
46,7046,-0.8974001301551788,-0.43399563707427674,0.07950341752378291,-2.6911392313958995,0.07958741076332077,7.9341941791711275,False,True,14.27700872916726,0.0
47,7047,-0.816531159750618,0.1128290478701268,0.5661682356976869,3.004281242123165,0.6018498283736553,4.021374102396503,True,True,21.121740165162947,0.0
48,7048,0.0528643128268166,-0.9899753673368223,0.13097380079875573,-1.5174473723819943,0.13135117830830007,4.67066880879959,True,True,19.18039105881341,5.684341886080802e-14
49,7049,0.5193453048416448,0.8032442929941553,0.2916831502011362,0.996843471913225,0.2959860362211526,7.484533638959866,True,True,16.236132761099558,5.684341886080802e-14
50,7050,0.31245308934509114,0.9294115549449904,-0.19638540804612703,1.2464825682594216,-0.19767017295698475,6.07788745433295,True,True,23.05746375124623,0.0
51,7051,0.4354958260120913,-0.3297520082498719,0.8376198413249429,-0.6480852794758646,0.9929113130461411,0.37187543575544824,False,True,15.924196932492409,0.0
52,7052,-0.36517137715543524,0.0010806903523185463,-0.9309396851648152,3.1386332562629056,-1.1969777222620774,6.047931146929333,True,True,14.637839774156708,0.0
53,7053,-0.6404593005406053,-0.48002054337674216,-0.5994932545803462,-2.49841532311372,-0.6428678273683942,8.494745290652578,True,True,17.464835118300538,0.0
54,7054,-0.7531863167214614,-0.6544378504537576,-0.0664941516001506,-2.4262323256995715,-0.06654324969207982,3.030325828198856,True,True,19.803767102923974,0.0
55,7055,-0.44896060952599987,-0.7469802771107642,0.49036194458947224,-2.1119758389336254,0.5125050076449988,4.946523917937606,True,True,18.124262764514796,0.0
56,7056,0.2484820784388913,0.6749853685388969,-0.6947311774730555,1.218062603659688,-0.7680460894846326,3.3420998369628707,True,True,17.743929193720298,5.684341886080802e-14
57,7057,-0.2552334775862205,0.9598713824695446,-0.11620155349757293,1.8306863921321768,-0.11646466311939509,2.07252252498639,True,True,20.286027251833335,5.684341886080802e-14
58,7058,0.2589021467820522,0.25702041392200714,-0.9310801175081577,0.7817508630867879,-1.1973624748630918,2.823460338100369,True,True,12.701138414623317,2.842170943040401e-14
59,7059,0.27846029839946174,-0.8947476987959705,-0.349122353501746,-1.2690811427607394,-0.3566343613473827,4.062452530285124,True,True,17.73153457311318,5.684341886080802e-14
60,7060,-0.5103196787169738,0.7864238957894145,-0.3480104619772295,2.146406115738819,-0.35544807041125426,6.879859520767745,True,True,20.425991447180138,5.684341886080802e-14
61,7061,-0.8390238946704552,0.5144737704208237,-0.17707524875318556,2.591537348898942,-0.17801393972809187,6.782303324402831,True,True,18.78031652925189,5.684341886080802e-14
62,7062,-0.5207655467232708,-0.8034520285831356,0.2885620957639051,-2.145877032298841,0.2927247086213707,5.802305958049129,True,True,21.1457029186233,0.0
63,7063,-0.721682083571581,-0.20579537914827262,-0.6609260413790643,-2.8638048609317583,-0.7220520711177489,2.5106996439854323,True,True,18.498883481962658,5.684341886080802e-14
64,7064,-0.08636913566919902,0.9788278047957109,-0.1855707438217704,1.6588057038963633,-0.18665266286414073,5.1192999516717395,True,True,19.97441269015074,5.684341886080802e-14
65,7065,-0.6479597505518083,-0.754361751851974,0.10529249264624263,-2.2804639859752625,0.10548802407945071,15.465052045648065,False,True,14.912391614700683,2.842170943040401e-14
66,7066,0.352460760600397,-0.7935728980255606,-0.49599744732841394,-1.152822786139105,-0.518983159384142,3.3797883970192277,True,True,20.288685050382522,0.0
67,7067,0.015963123818697706,-0.6886459525019459,0.7249220170339955,-1.5476200262453592,0.8109211769402016,2.4432233870602342,True,True,16.49453758272345,5.684341886080802e-14
68,7068,0.1661221440822824,0.9098080502506054,-0.38033241374447374,1.390195497825494,-0.39015569447438014,5.8581985961915155,True,True,16.98453744321482,0.0
69,7069,0.40156744979100106,0.6672307300021201,0.6273330345272675,1.0290235452931555,0.6781237978208203,3.8024010631543685,True,True,20.799049518970673,5.684341886080802e-14
70,7070,-0.9845749969011105,-0.12106578388939261,-0.12631370253628488,-3.0192443325810405,-0.1266520297134573,2.4584716168869813,True,True,20.519362877876862,5.684341886080802e-14
71,7071,-0.11246426238133907,0.9476754231206879,-0.2987692790432883,1.6889176941156778,-0.3034027691614273,6.847860375785079,True,True,11.788690042160189,0.0
72,7072,-0.39641381052858854,0.6250155551250245,0.6724668368581175,2.1360170617511414,0.7375367523260297,3.315997910720515,True,True,17.201642640943813,0.0
73,7073,0.32652465158887056,-0.9210264878290874,0.21234844153415078,-1.230098212059385,0.21397758488631607,5.812030771093013,True,True,21.575372461413444,5.684341886080802e-14
74,7074,-0.36600893097808707,0.10012429196779145,0.9252094836318023,2.8745685160653167,1.1815872849415971,2.2866719087396667,True,True,15.447535373261967,0.0
75,7075,-0.9143326082281403,0.21933192404641225,0.3404253055000831,2.9061592602755613,0.3473691824972956,8.193054353091577,True,True,21.498175587102438,5.684341886080802e-14
76,7076,0.9552648828902178,-0.29533684794024095,-0.015657259193796978,-0.2998459729309991,-0.01565789899328369,5.44099969340349,True,True,20.537346411854198,5.684341886080802e-14
77,7077,-0.35652263036654597,-0.9326339534510674,0.05554748335209797,-1.9359297615410644,0.05557608859326387,3.2271691903824307,True,True,18.241849759892652,5.684341886080802e-14
78,7078,0.5028442936424692,0.7924775481047263,0.34514772504121694,1.005379145185429,0.352396177908174,1.8825653594414107,True,True,17.735824744527534,5.684341886080802e-14
79,7079,0.43839856484122414,-0.42101620366258263,-0.7940730788779468,-0.7651751091535351,-0.9174810697418867,1.7783634282453762,True,True,17.55384869036854,0.0
80,7080,0.8711179835026588,0.29295479352308107,-0.3941204736753859,0.3244159211573321,-0.40511066853704664,0.6952859331836782,True,True,23.711692568162515,1.1368683772161603e-13
81,7081,0.1634090060326308,0.9561481638675292,0.24306004500982925,1.4015282413628976,0.24551925941946545,6.581797335386898,True,True,17.00110769010736,0.0
82,7082,0.39818343396643546,-0.7649235465533957,-0.5063022030792207,-1.0908416449827245,-0.5308913496732593,9.599840898251571,True,True,18.066983729675936,0.0
83,7083,0.2692911315016343,-0.5733799228878638,0.773768538080786,-1.1317175070377303,0.8847687813192789,2.034527662989893,True,True,18.90655512102766,5.684341886080802e-14
84,7084,-0.19696202749239602,-0.03047607407128359,-0.979937328932461,-2.9880793376953783,-1.3701467943480663,2.173783841584946,True,True,9.456988277155384,0.0
85,7085,-0.4142319969385763,0.4450453764184733,-0.793943616159749,2.3203502065756805,-0.917268105011057,3.0829598995808234,True,True,16.078349008561123,5.684341886080802e-14
86,7086,-0.3472196211716054,0.8664570549379113,-0.3587348695370555,1.9519361174841534,-0.3669121970930448,4.38337605570319,True,True,19.250528983127932,5.684341886080802e-14
87,7087,-0.7304298535916377,-0.6631429483048084,0.16344313719365827,-2.4044407598706576,0.16417972062876585,,False,False,,
88,7088,0.4613246935794023,0.7107756528245897,-0.5310155350323087,0.9950934354905329,-0.5597985823718881,3.1978378700973122,True,True,20.02975750058801,0.0
89,7089,0.3004650868191065,-0.9401479239388111,-0.16075637690720224,-1.2614622426424227,-0.1614569490921077,7.265921087137937,True,True,14.908044788272237,5.684341886080802e-14
90,7090,-0.7478703739148909,0.6132285368395038,0.2542452859466278,2.4547951280919715,0.25706726631311433,8.049652314546577,True,True,20.714232364962502,5.684341886080802e-14
91,7091,0.570785492353717,0.7836846017444237,0.24503543969640118,0.9413051340834692,0.24755624644457186,10.133143629091213,True,True,18.19190880996641,5.684341886080802e-14
92,7092,-0.8961965621727592,0.08299298904247725,0.43582552210663733,3.049250235413529,0.45095528831563586,8.218215465807003,True,True,16.55857694575506,5.684341886080802e-14
93,7093,-0.21642469477980156,0.6260221409554102,0.7491706284439309,1.9036479014094774,0.8468090768355041,6.752084662439542,True,True,12.671798465270122,2.842170943040401e-14
94,7094,-0.361181498868724,0.4337818705795193,0.8254581840599046,2.2651216918381216,0.9710134351572535,2.01359524666797,True,True,21.133260479275,0.0
95,7095,0.4245654138457264,-0.06764921335422026,-0.9028664315936008,-0.1580092820721962,-1.1263908698438474,1.0936107550123038,True,True,13.38325710980456,2.842170943040401e-14
96,7096,0.1693719469230673,-0.08044015020253267,-0.9822639797075344,-0.4433928179238345,-1.3821766172547028,6.0194467636339075,True,True,14.350031774230654,2.842170943040401e-14
97,7097,0.6875258904272404,-0.46414578055585654,0.5584593489095019,-0.593815417030663,0.5925273827698331,7.099853694829738,True,True,19.32632582910973,5.684341886080802e-14
98,7098,-0.12217730471723705,-0.06082926240295853,0.990642471857301,-2.6796449358987813,1.4338864399484865,1.5274856879972862,True,True,10.569770919850107,1.4210854715202004e-14
99,7099,0.6951790119296547,-0.29901508292539436,-0.6536942110464405,-0.40620501699111145,-0.7124558295873371,5.998134571571366,True,True,18.348607916418818,5.684341886080802e-14
100,7100,-0.9807382480480754,-0.028441674104469124,0.19324481879141522,-3.1126005092697273,0.19446823297632962,2.95369441609859,True,True,21.38753263510478,0.0
101,7101,-0.5916156059769351,0.035884328177024166,0.8054211877991709,3.0810120696931356,0.9363857476432234,2.522123251393055,True,True,18.672866466779304,5.684341886080802e-14
102,7102,0.03367028917606232,-0.11511888092106572,-0.9927809198822678,-1.286250261812025,-1.4505650269547874,2.4408127051963224,True,True,10.198887535461411,0.0
103,7103,0.22878570910625315,0.01876640027763161,-0.9732959064587544,0.08184287780145671,-1.339176816982693,4.6194257497832,True,True,12.663439950095155,2.842170943040401e-14
104,7104,-0.19019471528227488,-0.7383272380970574,-0.647069439676041,-1.8229170974724715,-0.7037344320748957,3.719695291743857,False,True,16.81248324674713,0.0
105,7105,-0.17072923856018413,0.5908585766873453,-0.7885034365528562,1.8520859513599204,-0.9083718711372668,4.6279828596544945,True,True,15.216490040891394,0.0
106,7106,0.3599838590955606,0.8557918622014107,0.37152645905844905,1.1726208823609123,0.3806526238386788,3.184117745489469,True,True,20.0442156080009,5.684341886080802e-14
107,7107,0.8725181186784834,0.4317728529642226,-0.2286576830567827,0.459525813488968,-0.23069861218755416,4.0663393006498945,True,True,16.212050120656507,0.0
108,7108,-0.16778338109940827,-0.12636778224913078,-0.9776911171920746,-2.4960720167518406,-1.3591724739699864,2.3199351495659237,True,True,9.251892610683152,1.4210854715202004e-14
109,7109,-0.061296019346983324,0.6066683506701661,-0.7925883611985194,1.6714917191049468,-0.9150422686619356,7.17398892045659,True,True,17.335451945314283,0.0
110,7110,0.25448651720998505,-0.9669103709000264,-0.01791499942241837,-1.3134373856981068,-0.017915957855677695,8.718651996503029,True,True,22.292361136300894,0.0
111,7111,-0.8510655347711037,-0.5250160274883747,-0.006754732052519579,-2.5888446355392,-0.006754783419264406,3.3107208847579477,True,True,19.564621524894854,5.684341886080802e-14
112,7112,-0.9669508367059622,-0.2545504396726729,-0.014496656721077287,-2.884182189520882,-0.014497164521886404,6.767916706866118,True,True,23.5426900760449,0.0
113,7113,0.17443020218486333,-0.8088491687041082,0.561548864171606,-1.3583967487930932,0.596256480447316,6.700051497909919,True,True,18.24463791702574,0.0
114,7114,0.8463671763656765,-0.5151121180059178,-0.13535918385632104,-0.5467302999896099,-0.13577597377529974,3.562802528683645,True,True,23.735585598328285,0.0
115,7115,-0.7450878030908215,0.1668533401898214,0.6457585683154292,2.921289436768,0.7020163528359525,5.792958980487964,True,True,15.092203774241815,0.0
116,7116,-0.16730186843379963,-0.7386470501606313,0.6530012405099683,-1.7935358569844835,0.7115404827384764,1.9426478309152535,True,True,21.866813252344475,1.1368683772161603e-13
117,7117,-0.5130722544762881,0.38188120865143155,0.7687155547831337,2.501747618275948,0.8768304911955509,12.13227761786048,True,True,15.828083994809875,2.842170943040401e-14
118,7118,0.3749502843189698,0.707471115135172,-0.5990800493577798,1.083448127732218,-0.6423516656946324,5.5030677717907475,True,True,17.83338231328713,5.684341886080802e-14
119,7119,-0.9168296058257662,0.39437528254612136,-0.06238277324740411,2.7353670633867466,-0.062423305844122805,6.102086594222606,True,True,22.66267942348926,1.1368683772161603e-13
120,7120,0.7068032820291351,-0.46052128971194023,0.5369816218781553,-0.5774676666120007,0.5668550190862468,4.1066739038089315,True,True,16.982569712714696,0.0
121,7121,0.8297353838113671,-0.4162948238501163,0.3718034594876759,-0.46502264966132345,0.3809509977052862,3.6577096894154106,True,True,25.568995397859265,0.0
122,7122,0.10642496830196722,-0.4448265625413985,0.8892710809306285,-1.3359601661017197,1.0957490102021623,6.803971407361594,True,True,15.491308655264433,2.842170943040401e-14
123,7123,-0.001594464256903028,-0.9849778347289636,-0.17267345706962597,-1.5724151072465435,-0.17354325415583713,3.0146054228225068,True,True,23.456792993324232,0.0
124,7124,0.19378829708071035,-0.14822468922946644,0.9697811801728194,-0.6529561541005575,1.3243323152296962,5.844495678330566,True,True,12.904554676461053,2.842170943040401e-14
125,7125,-0.9375275867363309,0.2057338345628562,-0.28056302932570254,2.9255737286493586,-0.28438064829366194,1.3984500492797476,True,True,20.60243018553143,5.684341886080802e-14
126,7126,0.15267469729199576,-0.1100233995073888,-0.9821330298730591,-0.6244440146440399,-1.3814795031484193,0.488628873330906,True,True,10.276964879839998,1.4210854715202004e-14
127,7127,0.8086374655121501,0.21285057390572076,-0.5484524432966742,0.25738297690395523,-0.580512370107707,3.598747338157049,True,True,23.54995006240282,1.1368683772161603e-13
128,7128,0.41774808154370613,0.25161680657885116,0.8730266450765487,0.5421214974577735,1.0613745662645548,4.025540269730327,True,True,13.72592568320812,0.0
129,7129,-0.7777958004290162,0.29810202339235353,-0.5533252899374569,2.775595587721835,-0.5863510802664738,4.160690782716699,True,True,15.8813450136365,0.0
130,7130,-0.9931399565127603,0.08503029126371969,0.08026752983267613,3.056183309542303,0.08035397298697572,5.857343972240904,True,True,19.657162371630594,5.684341886080802e-14
131,7131,0.22031044982702058,0.9456297735524726,0.23926478442954227,1.3419018913373861,0.24160857110964562,5.744229467705302,True,True,24.455482556876504,0.0
132,7132,-0.9908711233442343,-0.12888328551126066,0.039541315587091605,-3.0122481401405024,0.03955162675437266,9.170701719940396,True,True,23.44555097872719,1.1368683772161603e-13
133,7133,-0.10369905297169339,-0.9057954253159464,-0.4108298356856252,-1.6847840255718896,-0.4233640706711985,6.606940715429548,True,True,20.95531593615836,0.0
134,7134,0.1467550056482983,-0.8572523070138819,0.4935397151562831,-1.401247574956513,0.516155007791301,1.1012455120089975,True,True,20.160522800373002,0.0
135,7135,-0.25375477782649164,0.782752990972716,-0.5682484208983734,1.8842885970139955,-0.6043756313408254,5.070718788251671,True,True,17.187301120158136,5.684341886080802e-14
136,7136,-0.345428048384091,-0.6874888364316328,-0.6387789626869671,-2.036401181110098,-0.6929101986731924,8.593280708006347,True,True,21.7368492946149,5.684341886080802e-14
137,7137,-0.4762720480757009,-0.8741564338475905,0.09494980455293375,-2.069666346358647,0.09509305592837432,10.087901118493948,True,True,19.82800446325529,0.0
138,7138,-0.36496610300438664,-0.8115782774888669,-0.45622411506407184,-1.9934000801441727,-0.47374734880170993,9.264461556426172,True,True,16.101569133635877,0.0
139,7139,0.8760176678292315,-0.18741906617784135,0.44437274813388367,-0.21076697175508546,0.46047395777456473,2.366469396125773,True,True,20.41690986017712,5.684341886080802e-14
140,7140,-0.3745600976839153,-0.42408428237934764,0.8245345685062633,-2.294263480733128,0.9693791152485524,1.6484241406131637,True,True,18.237457228471634,0.0
141,7141,0.5474961811195378,-0.7886495898150999,0.27978519643468774,-0.9639602171316228,0.28357036279336917,1.474529494636896,True,True,16.954696105017113,0.0
142,7142,0.0022882760496995545,-0.3117511967726618,-0.9501610153566254,-1.5634563871897404,-1.253751964500549,6.107376993402956,True,True,15.330162426282373,0.0
143,7143,-0.2895198311788631,0.054050172861878396,0.9556447280070997,2.957028258124184,1.2718411296867662,3.130963441157569,True,True,13.537720579839391,0.0
144,7144,-0.6867458773297453,-0.056792886927377155,-0.7246755604855544,-3.0590818622014493,-0.810563454666705,5.125007176849974,True,True,14.91351558236553,2.842170943040401e-14
145,7145,-0.10861281516731663,0.7893555358224851,0.6042525088469453,1.7075345159687711,0.648827408561788,5.9400569676903,True,True,18.786350848038236,0.0
146,7146,-0.9259719542416157,-0.31484827768430523,0.20843824504440092,-2.8138369029651717,0.20997785882810288,8.978699090162932,True,True,24.245867495035494,0.0
147,7147,0.4349605415948068,-0.8898155323506561,-0.13797697504681933,-1.1161318250929764,-0.13841856144402248,9.973961462348294,True,True,20.38966942842854,5.684341886080802e-14
148,7148,-0.7126766581532564,0.4484632755196183,-0.5394188274742747,2.57993144685847,-0.5697467588651488,1.7230517053634071,True,True,20.563050563327437,5.684341886080802e-14
149,7149,-0.7216281818476735,-0.28461815628487613,-0.6310667732310257,-2.7659135699110995,-0.6829276325033541,6.28756848532459,True,True,18.979129276977513,0.0
150,7150,0.9303689135126858,-0.34212065948009307,0.13178444189710267,-0.35237809446588536,0.1321689073439244,7.922953513181333,True,True,18.215790522463735,0.0
151,7151,0.23692619415266739,0.35520082174687057,-0.9042667497783384,0.9825488710154757,-1.1296592435174406,0.4780084045058881,True,True,14.250171190030436,0.0
152,7152,-0.4897335722284581,0.6160391627246276,0.6169738877958235,2.2424635756103073,0.6648916768408254,0.7828059533724736,True,True,18.392651021457468,5.684341886080802e-14
153,7153,0.5876869843526077,-0.48690142440242296,-0.6461818717183495,-0.6918818110552167,-0.7025708775326905,6.974301252836469,True,True,15.925352589583758,0.0
154,7154,0.2199472731532711,0.9575830863599959,0.18616613480895183,1.3450223697189498,0.1872586127563939,5.818393975791427,True,True,18.36630928218439,0.0
155,7155,-0.9273008934457412,0.335811329526937,0.16535962014978559,2.7941452405177385,0.16612264019747358,5.224059481406371,True,True,24.05898452512574,0.0
156,7156,-0.6125311996691241,0.2208753969743069,0.7589595433508601,2.7955108581617574,0.861713717994889,5.920768257660051,True,True,15.902205987805905,2.842170943040401e-14
157,7157,-0.7208813406300082,-0.4561729165081692,0.5217627458681896,-2.5774047902855863,0.548915953617835,2.991165490947551,True,True,19.80721808290118,0.0
158,7158,0.1982149228550858,0.9776350869793466,-0.0702885557145503,1.3707585206613186,-0.07034656131273877,1.9347679899833035,True,True,20.469963222466276,0.0
159,7159,-0.34298023035682784,0.36605087282932364,-0.8650845739494304,2.3236677003104678,-1.04531894675827,1.5709751034592092,True,True,13.407342484961747,0.0
160,7160,0.9668381006759134,0.10449295602576333,-0.23303499570319974,0.10765911649286036,-0.2351974415413199,3.33812437564578,True,True,22.203506959697332,5.684341886080802e-14
161,7161,0.9861534511740047,0.05985295006560094,0.15465767069901387,0.06061898270129683,0.15528094561198977,2.8730909212022384,True,True,20.41068240057615,5.684341886080802e-14
162,7162,-0.5514092407387573,-0.8327771937699863,-0.04929497707164339,-2.1556536495917555,-0.04931496335702187,2.7895151720590237,True,True,21.625792547449635,0.0
163,7163,-0.9223732313034451,-0.230449611900854,0.31003322168694614,-2.8967606211062273,0.3152279757444016,2.8571501143885936,True,True,21.839978067566076,0.0
164,7164,0.28823174577219757,0.5640927775596272,-0.7737711541755589,1.098415133808663,-0.8847729111247357,3.3248923089427755,True,True,11.151064202095421,0.0
165,7165,0.23217126182353745,0.9677066156123066,0.09818559610982551,1.33532787900533,0.09834404270228153,3.2287935767704514,True,True,22.14295147285451,5.684341886080802e-14
166,7166,-0.5833235699803422,-0.7410366884145669,-0.33256313555317707,-2.237666424003266,-0.3390201091922989,4.26290472488971,True,True,19.00016333729557,5.684341886080802e-14
167,7167,0.7868030906443562,0.09759098531753879,-0.6094398215880227,0.12340455785356204,-0.6553538454485524,1.926133202046276,True,True,19.305712468044725,5.684341886080802e-14
168,7168,0.5515929975506252,-0.15040177095639104,0.8204416325042857,-0.26619689849646627,0.9621830402139144,4.1733711922586,True,True,15.884747050961408,0.0
169,7169,0.5308085997129111,-0.662717725630076,0.5282494170432355,-0.8954719380128374,0.5565375214936237,4.628459286695627,True,True,21.939955621801037,5.684341886080802e-14
170,7170,-0.3351435428352151,0.5525895415315001,0.7631013066990954,2.11597887160232,0.8680983273296157,3.160134209518374,True,True,16.31939122445411,5.684341886080802e-14
171,7171,-0.73467906668624,0.5071073765003491,-0.45065372257640196,2.537444800486807,-0.4674975029244294,12.999635868504384,True,True,18.905540656010736,5.684341886080802e-14
172,7172,-0.8322437637187489,-0.38794240558607546,0.3960694480761427,-2.7053977690797417,0.40723225519341727,3.7506878467487663,True,True,18.747948303123326,5.684341886080802e-14
173,7173,-0.8108560247216168,0.19229479581514428,0.5527524026859301,2.908743852857827,0.5856634687708017,2.7678964248923643,True,True,16.968934054117714,5.684341886080802e-14
174,7174,0.4157223688008767,-0.8220949640811871,-0.38901771439221056,-1.1026098307124312,-0.3995650764707355,4.396529304685929,True,True,16.328795470488576,0.0
175,7175,-0.029238541254929192,-0.9983559708345409,0.049299728237641366,-1.6000746473639504,0.04931972030677451,9.197307961782403,True,True,21.20479815085905,0.0
176,7176,-0.9814459889575236,-0.020176637687749577,0.19067426163697543,-3.1210374766481705,0.191848964039996,1.3093621017380983,True,True,19.558318050303097,5.684341886080802e-14
177,7177,-0.4089549907173254,-0.3003649314433516,0.8617057058685541,-2.508105439470857,1.0386217412765506,4.9577567739893125,True,True,19.16469401914877,5.684341886080802e-14
178,7178,-0.6333544269926634,0.7621981017544591,0.13385149790231746,2.264130986094945,0.1342544406354012,8.987596976673265,True,True,21.15567718982923,5.684341886080802e-14
179,7179,0.31569382291773224,-0.6594819975805892,0.6822176375898701,-1.1243337125582056,0.7507914444725646,4.0825847718334325,True,True,20.96501198447381,5.684341886080802e-14
180,7180,-0.8825884535067339,0.4616914532337751,0.08876161190219992,2.6596278907056337,0.08887858029998573,6.260526432771787,True,True,25.029881850435853,1.1368683772161603e-13
181,7181,-0.09171699446086679,-0.3498461248500617,0.9323066458276805,-1.8271901174044343,1.2007390884989622,3.5741895058683637,True,True,10.667753270104978,1.4210854715202004e-14
182,7182,-0.7560158184162691,-0.18352546583049342,-0.628298086656389,-2.903445793396241,-0.6793636478357055,3.6704331079780577,True,True,24.694595416690223,1.1368683772161603e-13
183,7183,0.1494694080071432,-0.8152099134249234,0.559545970518708,-1.389459632148058,0.5938378826866815,12.013225268906659,True,True,19.482726835806872,5.684341886080802e-14
184,7184,0.9257210281957275,-0.3322945687036017,0.1806125620391121,-0.34463244108313784,0.18160922015835662,3.382414042328088,True,True,19.604964978276872,0.0
185,7185,0.21853076215936357,-0.8257210275496725,0.5200279710288288,-1.3120734798532765,0.5468836976082866,7.814893839856947,True,True,20.243047211172783,0.0
186,7186,-0.7705166816100466,-0.6373033680182312,-0.012184435697274185,-2.450537409498824,-0.01218473720193231,10.892769257947919,True,True,21.15010325096164,0.0
187,7187,0.43991069701251256,-0.8235042411246744,-0.3582168944977882,-1.080169480280908,-0.3663573460846348,2.7486978149815746,True,True,21.785426649678964,5.684341886080802e-14
188,7188,0.6885228449712855,0.7062593732550887,0.16472398016675197,0.7981138204471291,0.16547816220059125,12.652906658721875,True,True,19.77787211557906,5.684341886080802e-14
189,7189,0.9417760125551341,-0.17668878653475817,0.28607519097018297,-0.18545645714551032,0.29012832664347665,2.286331181449953,True,True,24.69203354861447,0.0
190,7190,0.315458433116159,0.8938925895225092,0.3184996316679826,1.2315366093295526,0.32414626992852463,8.674617539244903,True,True,19.019568679014988,5.684341886080802e-14
191,7191,0.5608013000995736,0.25733565557122134,0.7869436207113937,0.4302068135461832,0.9058398174844482,8.276210467006608,True,True,12.861965761535636,0.0
192,7192,0.8384342794090415,-0.11355237248892772,0.5330420413194229,-0.134614776381185,0.562191926509669,8.965113001661917,True,True,14.742920596654312,0.0
193,7193,0.9374133003412393,-0.32676566532432955,0.1203349671063811,-0.3354112590733385,0.12062729451486984,15.153902382569205,True,True,16.591017826261584,5.684341886080802e-14
194,7194,-0.232042716396014,-0.8020394088825975,-0.5503534903739709,-1.8524225604209257,-0.5827875551894459,3.3763467840418397,True,True,19.641275382298048,5.684341886080802e-14
195,7195,0.5685001534621432,-0.639103678537601,-0.518029018099591,-0.8437974835779453,-0.5445450750110785,1.197748591283062,True,True,15.102061961026639,0.0
196,7196,0.49488961952396665,-0.799884031352897,-0.339514065797076,-1.0167389431593368,-0.3464002283419926,2.007370505043156,True,True,22.784182185102615,1.1368683772161603e-13
197,7197,-0.6661279866083195,-0.3267802921622895,-0.6704387713367085,-2.6855200218040056,-0.7347999936118796,6.468119029540814,True,True,13.807749256179713,2.842170943040401e-14
198,7198,-0.20965393037427668,0.8563262252889231,-0.4719646441853909,1.8109027576706442,-0.49151790640659193,3.3701353157451712,True,True,20.7935584912358,1.1368683772161603e-13
199,7199,0.583313277489645,0.7972806825446442,-0.15520674452302205,0.939157021539985,-0.15583673048818406,3.736720931840356,True,True,21.26203862806763,0.0
