contamination_fraction,method,rmse_m_mean,rmse_m_median,rmse_m_std,mean_pos_error_m_mean,mean_pos_error_m_median,mean_pos_error_m_std,max_pos_error_m_mean,max_pos_error_m_median,max_pos_error_m_std,precision_mean,precision_median,precision_std,recall_mean,recall_median,recall_std,f1_mean,f1_median,f1_std,fpr_mean,fpr_median,fpr_std,iterations_mean,iterations_median,iterations_std,runtime_s_mean,runtime_s_median,runtime_s_std,variance_factor_mean,variance_factor_median,variance_factor_std,n_flagged_mean,n_flagged_median,n_flagged_std,convergence_rate,localization_rate
0.0,WLS,0.007465104573086274,0.007181958852516769,0.002847704925867085,0.012112030561767071,0.011646720300882991,0.004760084078548153,0.018994750540377008,0.01830507889886375,0.007677650367100306,1.0,1.0,0.0,1.0,1.0,0.0,1.0,1.0,0.0,0.0,0.0,0.0,1.0,1.0,0.0,0.0007713874656474218,0.0006599789921892807,0.00023990025492784568,1.0146044209152096,1.0273773573771323,0.24243407901317876,0.0,0.0,0.0,1.0,1.0
0.0,DIA-reject,0.007465104573086274,0.007181958852516769,0.002847704925867085,0.012112030561767071,0.011646720300882991,0.004760084078548153,0.018994750540377008,0.01830507889886375,0.007677650367100306,1.0,1.0,0.0,1.0,1.0,0.0,1.0,1.0,0.0,0.0,0.0,0.0,1.0,1.0,0.0,0.002598308234397943,0.0022752499935450032,0.0009820625142933032,1.0146044209152096,1.0273773573771323,0.24243407901317876,0.0,0.0,0.0,1.0,1.0
0.0,DIA-inflate,0.007465104573086274,0.007181958852516769,0.002847704925867085,0.012112030561767071,0.011646720300882991,0.004760084078548153,0.018994750540377008,0.01830507889886375,0.007677650367100306,1.0,1.0,0.0,1.0,1.0,0.0,1.0,1.0,0.0,0.0,0.0,0.0,1.0,1.0,0.0,0.0026849417035312703,0.0021690420107915998,0.0010523645879137152,1.0146044209152096,1.0273773573771323,0.24243407901317876,0.0,0.0,0.0,1.0,1.0
0.0,Huber,0.007458107434449605,0.007181958852516769,0.002844374423329565,0.012104016138874678,0.011646720300882991,0.004756775859508946,0.018981499922090195,0.01830507889886375,0.0076641223205979065,1.0,1.0,0.0,1.0,1.0,0.0,1.0,1.0,0.0,0.0,0.0,0.0,2.8333333333333335,2.0,2.1668876987168884,0.003058850001737786,0.002093687988235615,0.0017405418204617395,1.009115364463923,1.018762249420568,0.2382017835885699,0.0,0.0,0.0,1.0,1.0
0.0,Hampel,0.007458107434449605,0.007181958852516769,0.002844374423329565,0.012104016138874678,0.011646720300882991,0.004756775859508946,0.018981499922090195,0.01830507889886375,0.0076641223205979065,1.0,1.0,0.0,1.0,1.0,0.0,1.0,1.0,0.0,0.0,0.0,0.0,2.8333333333333335,2.0,2.1668876987168884,0.0033011416322551667,0.0020573119982145727,0.0022595616407415126,1.009115364463923,1.018762249420568,0.2382017835885699,0.0,0.0,0.0,1.0,1.0
0.05,WLS,0.022183536613441426,0.017454791865696845,0.014690698506729695,0.03398352952775263,0.024923726181318107,0.026294825510261872,0.0657702256631468,0.05822916707074596,0.02884322789023511,0.0,0.0,0.0,0.0,0.0,0.0,0.0,0.0,0.0,0.0,0.0,0.0,1.0,1.0,0.0,0.0006590709051427742,0.0006417919939849526,4.355061094582602e-05,13.227814521896859,13.372776794461668,4.326585382054002,0.0,0.0,0.0,1.0,0.0
0.05,DIA-reject,0.011787423857669233,0.0070546940305249925,0.02281085771426483,0.019572300785238413,0.011322311858313283,0.03965607433418189,0.02727989303707607,0.019909762580779953,0.03940647956802273,0.9666666666666667,1.0,0.18257418583505536,0.9666666666666667,1.0,0.18257418583505536,0.9666666666666667,1.0,0.18257418583505536,0.0022222222222222222,0.0,0.012171612389003689,2.0,2.0,0.0,0.003692268065060489,0.003546667008777149,0.00040539140175520973,1.0447605320413822,1.0448868209266218,0.21924074852048545,1.0,1.0,0.0,0.9666666666666667,0.9666666666666667
0.05,DIA-inflate,0.011744905557151087,0.007046659155333895,0.022677381310900652,0.01950100794745507,0.011235790231210551,0.03942427375318717,0.027266118234234315,0.01964760670601339,0.03921566516353955,0.9666666666666667,1.0,0.18257418583505536,0.9666666666666667,1.0,0.18257418583505536,0.9666666666666667,1.0,0.18257418583505536,0.0022222222222222222,0.0,0.012171612389003689,2.0,2.0,0.0,0.0037690679979277774,0.0036373125039972365,0.0003104289283206799,1.1449336411849698,1.1054407149511458,0.222175377927464,1.0,1.0,0.0,0.9333333333333333,0.9666666666666667
0.05,Huber,0.012352522031912833,0.007758501632220398,0.02087135605035844,0.020321647099934913,0.012010041953458318,0.03635453671459842,0.02971990716217759,0.02321447869024086,0.03652202880204596,0.9666666666666667,1.0,0.18257418583505536,0.9666666666666667,1.0,0.18257418583505536,0.9666666666666667,1.0,0.18257418583505536,0.0022222222222222222,0.0,0.012171612389003689,9.8,9.0,2.746784954488956,0.006722727767191827,0.006400895494152792,0.001746537259330654,3.2302429907711168,3.2512249569744167,0.4314374138805878,1.0,1.0,0.0,1.0,0.9666666666666667
0.05,Hampel,0.011789587971862478,0.007066000342059925,0.022810332736788744,0.019575782557851876,0.011352747409293295,0.039655271891585214,0.02728899463453158,0.019933957132586798,0.03940396293286741,0.9666666666666667,1.0,0.18257418583505536,0.9666666666666667,1.0,0.18257418583505536,0.9666666666666667,1.0,0.18257418583505536,0.0022222222222222222,0.0,0.012171612389003689,5.166666666666667,5.0,1.8210139906170375,0.004089337497134693,0.0037552290013991296,0.0011614234867365423,0.9259663797422584,0.9106282637505223,0.19395140066961616,1.0,1.0,0.0,1.0,0.9666666666666667
0.1,WLS,0.033237616076677544,0.025640861828056957,0.02498063569033469,0.053240427091771333,0.038924709222037154,0.04416216617293551,0.08760928528674618,0.07703503919861628,0.0453362901291412,0.0,0.0,0.0,0.0,0.0,0.0,0.0,0.0,0.0,0.0,0.0,0.0,1.0,1.0,0.0,0.0006709041985838364,0.0006442294979933649,7.22766808828726e-05,24.132840823964735,23.729093003989867,7.463598700877284,0.0,0.0,0.0,1.0,0.0
0.1,DIA-reject,0.017764102536328298,0.007252172807351387,0.03130404589446391,0.02702535835145382,0.011708160993445942,0.05222232030068902,0.04610890255627194,0.018992668706029343,0.0725204886402093,0.95,1.0,0.15256428831468233,0.9333333333333333,1.0,0.1728729518208802,0.9388888888888889,1.0,0.16071757988880028,0.007142857142857143,0.0,0.021794898330668902,2.966666666666667,3.0,0.18257418583505536,0.004877694395448392,0.004802645999006927,0.0003119083888694918,1.0823002800315675,1.0732775668681236,0.3149897206635638,1.9666666666666666,2.0,0.18257418583505536,0.9,0.8666666666666667
0.1,DIA-inflate,0.01764701899023096,0.007192525883734555,0.031207919112506116,0.02689935688738312,0.011675625858596252,0.05217238206837742,0.04564038030678645,0.01929938805169827,0.07164858300910884,0.95,1.0,0.15256428831468233,0.9333333333333333,1.0,0.1728729518208802,0.9388888888888889,1.0,0.16071757988880028,0.007142857142857143,0.0,0.021794898330668902,2.966666666666667,3.0,0.18257418583505536,0.00517496946558822,0.00505104148760438,0.0007342852060645122,1.276293380153256,1.2390704506370978,0.24922085268437366,1.9666666666666666,2.0,0.18257418583505536,0.8333333333333334,0.8666666666666667
0.1,Huber,0.01768365640322522,0.009726432381434374,0.028896172308875357,0.028617083776219614,0.015377109850366782,0.05030042555873617,0.04237577203291697,0.026259127321693297,0.05218002290246337,0.961111111111111,1.0,0.12132200696576774,0.9666666666666667,1.0,0.1268540658512312,0.9588888888888889,1.0,0.11602725711383025,0.007142857142857143,0.0,0.021794898330668902,18.566666666666666,12.0,14.063117163979545,0.012084249999801008,0.008028229014598764,0.008865577805522655,5.324110571902702,5.2900310639424895,0.7508107369748837,2.033333333333333,2.0,0.31984191497474596,0.8666666666666667,0.8666666666666667
0.1,Hampel,0.016015925703269453,0.007176121592110521,0.03032838440634121,0.025795843939465535,0.011708160992686121,0.0521291708613539,0.03761085669509729,0.01841393109006962,0.05876731340920737,0.9666666666666667,1.0,0.1268540658512312,0.95,1.0,0.15256428831468233,0.9555555555555556,1.0,0.13794699779911124,0.0047619047619047615,0.0,0.018122009407318743,6.066666666666666,5.0,2.803118132431778,0.004529161169193685,0.003850729000987485,0.0017781419976728766,0.8487508772761637,0.8371997660199024,0.2419339725471539,1.9666666666666666,2.0,0.18257418583505536,1.0,0.9
0.2,WLS,0.039010271457549386,0.03491342226615107,0.01943519506235494,0.061256117810431485,0.05581067384340632,0.034255113245399614,0.10646151091759876,0.1002641549036731,0.0403151444687593,0.0,0.0,0.0,0.0,0.0,0.0,0.0,0.0,0.0,0.0,0.0,0.0,1.0,1.0,0.0,0.0006493208697065711,0.0006373749929480255,4.1120998861167314e-05,37.125031785454574,37.8428000900801,12.436511420786067,0.0,0.0,0.0,1.0,0.0
0.2,DIA-reject,0.024902885208888014,0.008920516332413867,0.02768815334427547,0.029835398904275497,0.014924709031206608,0.03993624213475988,0.08986269307568875,0.02343765578295907,0.09691675316267952,0.9166666666666666,1.0,0.15628591541249598,0.8777777777777778,1.0,0.16337750595118702,0.8923809523809524,1.0,0.15118889232843757,0.020512820512820513,0.0,0.0400638815201683,3.9,4.0,0.4025778999364489,0.005895295966183767,0.005971937483991496,0.0005296721214260927,0.9073057123373961,0.8453988925900416,0.2758685293882434,2.9,3.0,0.4025778999364489,0.9666666666666667,0.6333333333333333
0.2,DIA-inflate,0.018027990505400698,0.008569027148902689,0.02464154506765353,0.024698190167878213,0.013643144565883879,0.03937647693159822,0.056841394536147956,0.02237555330065094,0.06951620115262225,0.9638888888888889,1.0,0.1151446976844923,0.9444444444444444,1.0,0.12634967392981722,0.9498412698412699,1.0,0.11137321497932279,0.010256410256410256,0.0,0.03339788349656189,3.966666666666667,4.0,0.41384099339733366,0.006536794330653114,0.006460125499870628,0.0007498187901058567,1.2562250433758917,1.2505210099579604,0.2679256331317438,2.966666666666667,3.0,0.4138409933973338,0.8,0.8
0.2,Huber,0.024356927917976782,0.01595021829078178,0.025824093781445238,0.035129581450893975,0.022432449668503607,0.04312943778999282,0.07366553557461458,0.051561199703821066,0.06511658709756822,0.9094444444444444,1.0,0.20160673248909564,0.9111111111111111,1.0,0.17361015325406262,0.9026190476190477,1.0,0.17959950362689214,0.03076923076923077,0.0,0.07449756894023113,23.966666666666665,20.5,13.971605030433574,0.014773537501847992,0.012557791502331384,0.00817801578372394,7.184830069440433,7.510745290112431,1.130705945636914,3.1333333333333333,3.0,0.776079152261361,0.8666666666666667,0.7
0.2,Hampel,0.020742445052087215,0.00852991282550896,0.02774031028065495,0.0293934545967392,0.013497229205224566,0.04598216627151338,0.061769744128748146,0.021167260198885644,0.070924601697953,0.95,1.0,0.13239613148496415,0.9333333333333333,1.0,0.1356127007241621,0.939047619047619,1.0,0.12939528057376842,0.012820512820512822,0.0,0.03547177210595493,7.566666666666666,5.0,9.000702399155353,0.005367822265058445,0.0037582910008495674,0.005382416743276943,0.7180561863147251,0.6158361277927544,0.38037816005406716,2.966666666666667,3.0,0.319841914974746,0.9666666666666667,0.8
0.3,WLS,0.05000578425324937,0.0439710814338284,0.02411795005098638,0.07869905485386662,0.06919707639092265,0.042327742826059514,0.13398843857511064,0.12556983329648863,0.05957743567462307,0.0,0.0,0.0,0.0,0.0,0.0,0.0,0.0,0.0,0.0,0.0,0.0,1.0,1.0,0.0,0.0007020819291938096,0.0006400830170605332,0.00017412412946649747,60.74391781086659,61.54342611147291,15.560285880566205,0.0,0.0,0.0,1.0,0.0
0.3,DIA-reject,0.045161278523388776,0.0397120421219615,0.04516975928406294,0.05624544735622348,0.03794826795220318,0.07568044670315362,0.1472969564334928,0.16306352194694124,0.11480264813168649,0.8716666666666666,1.0,0.164360481308896,0.8266666666666667,0.8,0.16386144974533726,0.8463299663299664,0.888888888888889,0.15900975042739784,0.05757575757575758,0.0,0.07729884616050131,5.766666666666667,6.0,0.5040069329937308,0.008711711034023514,0.008228166494518518,0.0013998023792106227,0.9313585995698183,0.8784632973680762,0.31331688878657704,4.766666666666667,5.0,0.5040069329937308,0.9666666666666667,0.4
0.3,DIA-inflate,0.03036144304897017,0.01761919105060903,0.030028847214829,0.037486210520944925,0.026547956669484195,0.046234942258558315,0.10281530168159106,0.056688746516767315,0.08587214785058288,0.9016666666666667,1.0,0.15214620413585803,0.8866666666666667,1.0,0.15477087254553343,0.8923232323232323,1.0,0.14889989547804666,0.04545454545454545,0.0,0.07061993934839378,5.933333333333334,6.0,0.4497764451088037,0.010065683501306922,0.009433625018573366,0.001419443975273306,1.4927680304393325,1.4258139886859758,0.33841219376801523,4.933333333333334,5.0,0.4497764451088037,0.6,0.5333333333333333
0.3,Huber,0.037415116705143824,0.03168610344642214,0.027281854491503676,0.050907162293862815,0.04091036679076669,0.04697533007174054,0.12186968485073171,0.12343948754276038,0.07095807561824768,0.8323412698412699,0.8166666666666667,0.13674388467720114,0.9066666666666666,1.0,0.11426929274467315,0.860994560994561,0.8611111111111112,0.10312567758852895,0.09393939393939395,0.09090909090909091,0.08435068181444079,30.2,28.0,12.978496804728383,0.02015279303304851,0.018065208481857553,0.009151117156847917,11.005428432014037,11.058612446620458,1.4138225918585918,5.566666666666666,5.0,1.0400044208570935,0.8666666666666667,0.23333333333333334
0.3,Hampel,0.036107329563182515,0.03378064768896717,0.035786872466435304,0.04592242189929938,0.03166073977743787,0.06052651353863386,0.11872357197672453,0.1390427876871207,0.08622541524504473,0.8955555555555555,1.0,0.13375889939478883,0.8666666666666667,0.8,0.13217891045025335,0.8787205387205387,0.888888888888889,0.12748704355557683,0.048484848484848485,0.0,0.06639061303092922,10.2,6.0,11.090225581487326,0.007392105433003356,0.0047501874942099676,0.006607289065239947,0.5988250443829909,0.4169768530233059,0.4162374446432677,4.866666666666666,5.0,0.507416263404925,0.9666666666666667,0.43333333333333335
