magnitude_sigma,run,seed,detected_correctly,target_significant,angular_error_deg,injected_magnitude_m,estimated_magnitude_m,sd_statistic,identity_error
1,0,5000,False,False,44.87242001561232,0.006777638348008098,0.014013975320540132,1.4997117360685872,0.0
1,1,5001,False,False,22.79327363941965,0.00822788090224844,0.015675583741969222,1.171575209793624,0.0
1,2,5002,False,False,76.71944605822884,0.010638625199809052,0.01077491508246451,1.067889651527896,0.0
1,3,5003,False,False,69.14608293635024,0.00945699191734814,0.008672160686997478,0.8140238824491047,1.1102230246251565e-16
1,4,5004,False,False,39.160985631295596,0.00786453468330009,0.02145593412962094,2.341028543729315,0.0
1,5,5005,False,False,9.773147138281413,0.01105912564163839,0.041943750965365026,2.523431212048968,0.0
1,6,5006,False,False,23.439642804437316,0.009818118460228332,0.021607147792433355,1.4706521595086754,0.0
1,7,5007,False,False,22.455015802677742,0.016763481524835637,0.03877278112413764,2.506231769473405,0.0
1,8,5008,False,False,44.55844007812545,0.010036252162910982,0.03814374756861982,2.4458294737844035,0.0
1,9,5009,False,False,28.860827013405167,0.015865387492444687,0.06498391835877415,2.8055775341515705,8.881784197001252e-16
1,10,5010,False,False,83.63867220167103,0.012207578313841835,0.01563989926003983,1.2719399311355961,2.220446049250313e-16
1,11,5011,False,False,63.94892322368624,0.01628350592896635,0.036096301788393174,2.0248549876708943,0.0
1,12,5012,False,False,58.915457482346525,0.008149691965515404,0.023257220215597944,2.5573660498328565,0.0
1,13,5013,False,False,61.321222830659195,0.011425201202892579,0.009726964841820823,0.9335785132615554,2.220446049250313e-16
1,14,5014,False,False,55.329472767430865,0.00729838395708696,0.005806383996018708,0.5817111259504414,5.551115123125783e-17
1,15,5015,False,False,67.94185937346766,0.009090288033381166,0.013611288868463156,1.4842842361963933,0.0
1,16,5016,False,False,57.02321757188619,0.0071826056626211705,0.00677143335666802,0.5894907135999209,0.0
1,17,5017,False,False,85.9846779676413,0.011603473223185466,0.02201803868131998,2.2543839514829624,8.881784197001252e-16
1,18,5018,False,False,38.266026826514306,0.00827702688664088,0.016063093474685243,1.8237589813034285,4.440892098500626e-16
1,19,5019,False,False,70.33595614956018,0.009211479804150038,0.017039872489884124,1.7242056532315975,0.0
1,20,5020,False,False,73.91197162278407,0.01462592185989677,0.019476943944435225,1.2135217343544031,0.0
1,21,5021,False,False,44.5505046122096,0.009635964995392139,0.015279215152455602,1.0398610381738793,0.0
1,22,5022,False,False,20.980559295104232,0.013691246290331555,0.019787167106515867,1.188301001586124,2.220446049250313e-16
1,23,5023,False,False,25.35059752734403,0.00806490590281602,0.03388317551860133,2.6367465266540546,0.0
1,24,5024,False,False,18.576894025661474,0.00819449629492645,0.021815785257479677,1.537635912805409,0.0
1,25,5025,False,False,57.620691040198395,0.007060728084177303,0.0033275061632449324,0.3252362561335475,1.3877787807814457e-17
1,26,5026,False,False,39.58887276536755,0.014317525793776336,0.02102253284276365,0.9462090843310095,2.220446049250313e-16
1,27,5027,False,False,36.865093896724765,0.011154244355275445,0.021139714231182914,1.1155869956808218,2.220446049250313e-16
1,28,5028,False,False,2.380931504420521,0.007383658446833747,0.023356726079908175,1.9654426176166495,4.440892098500626e-16
1,29,5029,False,False,37.44771419727009,0.007845764104393456,0.020085277010602455,2.226392821680854,0.0
1,30,5030,False,False,5.930072292094788,0.01040399592761614,0.022004681397028318,1.466550314992017,0.0
1,31,5031,False,False,72.90504026555841,0.014665849814910663,0.03973900761157293,3.0559225387426427,1.7763568394002505e-15
1,32,5032,False,False,45.86326393260163,0.007399048585641258,0.019779075318043713,1.1450804951532771,2.220446049250313e-16
1,33,5033,False,False,30.72519365498449,0.01134955112186682,0.022126809526751532,1.785024425549988,0.0
1,34,5034,False,False,86.81464792703552,0.013848022107013403,0.002178806387158477,0.17366973267230473,0.0
1,35,5035,False,False,14.440241818819366,0.0068845836473211295,0.04649598764520985,3.3618924568852204,0.0
1,36,5036,False,False,45.11296821172132,0.009643645443598426,0.026207183057717343,1.8587406955880332,4.440892098500626e-16
1,37,5037,False,False,41.12843662043142,0.01555577569262998,0.041712350237607845,2.2846613690434845,0.0
1,38,5038,False,False,73.98001770717536,0.012888223147154206,0.026273191847736403,1.5290225207227308,4.440892098500626e-16
1,39,5039,False,False,34.519038770348686,0.009261108090789331,0.009422550437806761,0.7358240228450765,0.0
1,40,5040,False,False,34.98422344379444,0.007258106382123444,0.00816541223248534,0.805144277024306,1.1102230246251565e-16
1,41,5041,False,False,81.60520539402353,0.011277653436574765,0.03715491746844545,2.801317382789504,0.0
1,42,5042,False,False,71.20736315253892,0.008053017011101827,0.016978218343493053,2.193523217273792,8.881784197001252e-16
1,43,5043,False,False,72.05521004971597,0.012059083235042008,0.03616227298065415,2.724373324985801,8.881784197001252e-16
1,44,5044,False,False,2.03815123232859,0.012156377164031451,0.03676210957319244,2.123503034258028,8.881784197001252e-16
1,45,5045,False,False,44.604810532573715,0.013434016512977133,0.01782012058241488,1.2926940208252338,0.0
1,46,5046,False,False,64.9352151733394,0.010504628687650086,0.007890130515151462,0.7543592539184066,1.1102230246251565e-16
1,47,5047,False,False,45.72812942588695,0.009334781526863867,0.014875808049561798,0.9670837768701877,0.0
1,48,5048,False,False,61.04037916032232,0.008687836650898157,0.03133613963132001,3.715597762659991,1.7763568394002505e-15
1,49,5049,False,False,62.66402253761732,0.014851473866361,0.026484241989162514,1.79609230863877,0.0
2,0,5000,False,False,30.614171863373485,0.013555276696016196,0.019415225936033013,1.8935799743548478,4.440892098500626e-16
2,1,5001,False,False,44.297660436997745,0.01645576180449688,0.008695529371650168,0.7659800111287622,1.1102230246251565e-16
2,2,5002,False,False,38.648335812501735,0.021277250399618104,0.01679121042805973,1.6568194146457726,0.0
2,3,5003,False,False,32.864158178373366,0.01891398383469628,0.014934248946473494,0.9951910074762197,0.0
2,4,5004,False,False,28.943388555523786,0.01572906936660018,0.027997909130408255,2.7891115389162966,8.881784197001252e-16
2,5,5005,False,False,7.738532316159907,0.02211825128327678,0.05287571668508836,3.2029102660619646,1.7763568394002505e-15
2,6,5006,False,False,16.16984644182062,0.019636236920456664,0.030863171560087263,2.1453805385881846,8.881784197001252e-16
2,7,5007,False,False,15.72560291133907,0.033526963049671274,0.05464169758280694,3.326579484653472,1.7763568394002505e-15
2,8,5008,False,False,35.721662478586154,0.020072504325821965,0.04583904064783572,2.7570364233921834,0.0
2,9,5009,False,False,23.315629164774776,0.031730774984889375,0.07924960721728698,3.4119557237486355,0.0
2,10,5010,False,False,48.11231081054924,0.02441515662768367,0.020879170444043842,1.2832625803778792,2.220446049250313e-16
2,11,5011,False,False,45.26003094936677,0.0325670118579327,0.045654834170866986,2.1127862778380098,8.881784197001252e-16
2,12,5012,False,False,79.03751179828345,0.01629938393103081,0.02028784710823638,2.587304260996314,8.881784197001252e-16
2,13,5013,False,False,51.6267397054703,0.022850402405785158,0.010885053256305172,0.7639273023394401,1.1102230246251565e-16
2,14,5014,False,False,50.08204096617695,0.01459676791417392,0.006226346134780646,0.7687470245141862,0.0
2,15,5015,False,False,72.49539047909698,0.018180576066762332,0.013227516565338741,1.6004940931220601,0.0
2,16,5016,False,False,27.594578509468082,0.014365211325242341,0.012263269667380245,0.8906033759451353,0.0
2,17,5017,False,False,65.38749741206462,0.023206946446370932,0.024158947459123906,2.272509748062769,8.881784197001252e-16
2,18,5018,False,False,25.46561239633843,0.01655405377328176,0.02313674945038958,2.4430827242008117,8.881784197001252e-16
2,19,5019,False,False,47.03400688156634,0.018422959608300076,0.02192819439313788,2.002838505802241,0.0
2,20,5020,False,False,43.064495796182,0.02925184371979354,0.02740713125466051,1.5060007980424324,0.0
2,21,5021,False,False,27.57595273178012,0.019271929990784278,0.023154868405206742,1.4645191897282694,0.0
2,22,5022,False,False,55.97054896039305,0.02738249258066311,0.008548799898102952,0.7757082885431348,0.0
2,23,5023,False,False,20.556437956791697,0.01612981180563204,0.04131601858966499,3.173365079332927,1.7763568394002505e-15
2,24,5024,False,False,13.533894489318197,0.0163889925898529,0.029698285202204713,2.0838047797157238,0.0
2,25,5025,False,False,17.62994037069927,0.014121456168354606,0.009278466414792496,0.8140920251135917,1.1102230246251565e-16
2,26,5026,False,False,81.9984325601053,0.02863505158755267,0.013528833914939132,0.9696436886289758,1.1102230246251565e-16
2,27,5027,False,False,65.57904482388075,0.02230848871055089,0.013928564240758433,0.8785248073252286,0.0
2,28,5028,False,False,1.8091108352580112,0.014767316893667493,0.03073554096848967,2.600871110604587,8.881784197001252e-16
2,29,5029,False,False,56.445330991290454,0.01569152820878691,0.014654666545904903,1.8384228703168806,0.0
2,30,5030,False,False,4.027197538006865,0.02080799185523228,0.03237085358437547,2.1474539597091953,0.0
2,31,5031,False,False,55.25261642359898,0.029331699629821326,0.04622677782775151,3.3631369739566592,1.7763568394002505e-15
2,32,5032,False,False,65.81658876966401,0.014798097171282516,0.015560669492254512,1.115462974947959,0.0
2,33,5033,False,False,20.41725358001834,0.02269910224373364,0.03240622640582845,2.450195564046219,0.0
2,34,5034,False,False,8.85170813099055,0.027696044214026806,0.014137468686576286,0.7687157891664499,0.0
2,35,5035,False,False,12.590616683994881,0.013769167294642259,0.053190788743807775,3.9012315222449714,1.7763568394002505e-15
2,36,5036,False,False,64.51337026403131,0.019287290887196853,0.020569482686970106,1.729501682193075,4.440892098500626e-16
2,37,5037,False,False,59.9637122486697,0.03111155138525996,0.03169226335145285,1.9203991346160436,0.0
2,38,5038,False,False,51.428017430055974,0.025776446294308412,0.032299902274278404,1.6607925698674568,0.0
2,39,5039,False,False,17.41333661853296,0.018522216181578663,0.017842410058397748,1.2175280665804478,2.220446049250313e-16
2,40,5040,False,False,83.08116669421686,0.014516212764246889,0.004715988899394118,0.5355244674409015,5.551115123125783e-17
2,41,5041,False,False,80.95198354276198,0.02255530687314953,0.03721995669113152,3.079795538918677,0.0
2,42,5042,False,False,49.925822076504,0.016106034022203654,0.021004805069308324,2.642764231206268,1.7763568394002505e-15
2,43,5043,False,False,88.47238230269329,0.024118166470084017,0.03441534888002747,2.9191349761730283,0.0
2,44,5044,False,False,1.531705479223122,0.024312754328062902,0.04891270698854735,2.8285989586098346,1.7763568394002505e-15
2,45,5045,False,False,25.596896886879044,0.026868033025954266,0.02896400095974617,1.8205490763386822,4.440892098500626e-16
2,46,5046,False,False,44.94025741622336,0.021009257375300173,0.010118098116100994,0.7334580534908315,0.0
2,47,5047,False,False,84.37292077091584,0.018669563053727734,0.010703184013632589,1.2105117287218607,2.220446049250313e-16
2,48,5048,False,False,48.9684033216656,0.017375673301796315,0.036346509841351515,4.0051728554576504,0.0
2,49,5049,False,False,41.053686565543785,0.029702947732722,0.03582208127782494,2.1442419250255425,8.881784197001252e-16
3,0,5000,False,False,22.82982664180636,0.02033291504402429,0.025482999340616205,2.3300901777562184,0.0
3,1,5001,False,False,71.73481549084707,0.024683642706745317,0.00639504376286284,0.8685137580218715,1.1102230246251565e-16
3,2,5002,False,False,23.821559957911063,0.03191587559942715,0.025964425519034107,2.480862048579798,0.0
3,3,5003,False,False,20.22111694546219,0.028370975752044416,0.023446249265573652,1.4629280961932363,0.0
3,4,5004,False,False,22.71610399754099,0.023593604049900272,0.03508718474737166,3.3087366397656277,1.7763568394002505e-15
3,5,5005,False,False,6.4021629435038205,0.03317737692491517,0.06385149258040473,3.888582881725382,0.0
3,6,5006,False,False,12.287805688328397,0.029454355380684995,0.04038555164916135,2.8691348115818474,0.0
3,7,5007,True,True,12.052669486728142,0.05029044457450691,0.07092341150337403,4.162161846897035,0.0
3,8,5008,False,False,29.527146424251985,0.030108756488732943,0.05430416679610539,3.1778627751211452,1.7763568394002505e-15
3,9,5009,True,True,19.486457684392263,0.04759616247733406,0.09402931395863366,4.086473766671558,0.0
3,10,5010,False,False,30.729217122482066,0.0366227349415255,0.030419122350093464,1.7318496158901506,4.440892098500626e-16
3,11,5011,False,False,33.812246256065876,0.04885051778689905,0.05827598042117055,2.419542745025634,0.0
3,12,5012,False,False,77.84045092694694,0.024449075896546213,0.020374742861336954,2.8088980620075352,8.881784197001252e-16
3,13,5013,False,False,25.142415182006996,0.03427560360867774,0.020085451672481186,1.2998131475303887,2.220446049250313e-16
3,14,5014,False,False,22.920269992444442,0.02189515187126088,0.012261871557516488,1.2341903906882354,2.220446049250313e-16
3,15,5015,False,False,43.98752613809517,0.027270864100143496,0.018164082064919103,2.012345573799986,0.0
3,16,5016,False,False,17.468438411880232,0.021547816987863514,0.018923607066863243,1.4740938283205935,4.440892098500626e-16
3,17,5017,False,False,45.39241809590773,0.034810419669556406,0.03085120157875466,2.4909354405571245,8.881784197001252e-16
3,18,5018,False,False,18.833816912785824,0.024831080659922643,0.030815803193899434,3.0933441613696684,1.7763568394002505e-15
3,19,5019,False,False,33.59391071050998,0.027634439412450112,0.029000635933530704,2.4337085943475136,8.881784197001252e-16
3,20,5020,False,False,28.373674356988804,0.04387776557969031,0.039380014251818224,2.153924421484851,8.881784197001252e-16
3,21,5021,False,False,19.565114997811563,0.02890789498617641,0.03200851587960561,2.0541772084623333,0.0
3,22,5022,False,False,38.49893896247872,0.041073738870994664,0.01138123135909799,0.9732055075793711,1.1102230246251565e-16
3,23,5023,False,False,17.239899910377915,0.02419471770844806,0.048949388303519664,3.7395308209669555,1.7763568394002505e-15
3,24,5024,False,False,10.619264836495114,0.02458348888477935,0.03771402047624063,2.6530065617942853,8.881784197001252e-16
3,25,5025,False,False,10.020788845146642,0.021182184252531912,0.0161497784187582,1.5568597596311184,0.0
3,26,5026,False,False,47.13458924459571,0.042952577381329016,0.018278262955029607,1.552151387051634,0.0
3,27,5027,False,False,66.95296996765614,0.03346273306582634,0.013782475105090257,1.238689821079335,2.220446049250313e-16
3,28,5028,False,False,1.4587162753482603,0.022150975340501238,0.038116231820526814,3.236555452244188,1.7763568394002505e-15
3,29,5029,False,False,88.80690597851918,0.02353729231318036,0.012215243727522505,1.6183312923326418,0.0
3,30,5030,False,False,3.0479881310868,0.031211987782848415,0.0427554041356388,2.831786575743027,0.0
3,31,5031,False,False,42.80347984563855,0.043997549444731984,0.05590004966536483,3.8232920338786918,0.0
3,32,5032,False,False,85.8720204432403,0.02219714575692377,0.014231967169004527,1.2839668786012686,0.0
3,33,5033,False,False,15.161623858243612,0.034048653365600465,0.043224483125701124,3.1488882020284388,0.0
3,34,5034,False,False,4.471720759600249,0.04154406632104021,0.027902047900001,1.5277141019737723,0.0
3,35,5035,True,True,11.155672638548772,0.020653750941963384,0.05992860862251217,4.450593383883818,0.0
3,36,5036,False,False,87.55574585498765,0.028930936330795277,0.018584686895142838,1.8704851798911588,0.0
3,37,5037,False,False,89.3573754869813,0.04666732707788994,0.027437989445945332,1.8129029050152248,0.0
3,38,5038,False,False,37.40190547905557,0.038664669441462615,0.04157522526801945,1.911099422623892,0.0
3,39,5039,False,False,11.482547434854723,0.027783324272367994,0.02682265801269805,1.7787176347766933,0.0
3,40,5040,False,False,30.88790532869926,0.021774319146370336,0.009119614144451348,0.7822678860617006,0.0
3,41,5041,False,False,65.01158273035398,0.0338329603097243,0.04055284693290149,3.4848401083284406,1.7763568394002505e-15
3,42,5042,False,False,36.685083989734295,0.024159051033305477,0.026904385138391267,3.190806541382011,0.0
3,43,5043,False,False,69.33396304249399,0.03617724970512602,0.03676908303299818,3.2733268140166714,0.0
3,44,5044,False,False,1.2268225653853333,0.03646913149209435,0.06106560505738481,3.5340281189226004,0.0
3,45,5045,False,False,17.55499797903412,0.0403020495389314,0.04148753553613328,2.431886695810725,8.881784197001252e-16
3,46,5046,False,False,22.025972989141493,0.03151388606295026,0.019057599721527436,1.1799162593561747,0.0
3,47,5047,False,False,52.122616243722966,0.028004344580591607,0.01349455161182442,1.925300322698872,8.881784197001252e-16
3,48,5048,True,True,40.10987967369799,0.02606350995269447,0.0425575013347491,4.387656484988066,0.0
3,49,5049,False,False,29.334692141959376,0.044554421599083,0.048022499857325006,2.698777393669497,0.0
5,0,5000,False,False,14.945031769920806,0.03388819174004049,0.038338832260322205,3.2616201998955012,0.0
5,1,5001,False,False,18.20973321116538,0.041139404511242206,0.01943330741057192,1.9874252899867202,0.0
5,2,5002,True,True,13.109678916006002,0.05319312599904525,0.046234692159009404,4.288218669959032,0.0
5,3,5003,False,False,11.203558901040012,0.0472849595867407,0.04171000368192457,2.6278537241581303,0.0
5,4,5004,True,True,15.733881144989414,0.039322673416500455,0.04996670095225794,4.46032817485117,0.0
5,5,5005,True,True,4.756254576099766,0.05529562820819194,0.08586723498482887,5.268823667036473,3.552713678800501e-15
5,6,5006,True,True,8.275022770141547,0.049090592301141656,0.05971834164811391,4.365638496837018,3.552713678800501e-15
5,7,5007,True,True,8.190909362501845,0.08381740762417819,0.1039473258190263,5.852870401663203,0.0
5,8,5008,True,True,21.679175178103808,0.050181260814554915,0.07244826046145295,4.210595875672213,0.0
5,9,5009,True,True,14.605156429294755,0.07932693746222344,0.12439372284837569,5.538760518955615,0.0
5,10,5010,False,False,17.087925299625162,0.061037891569209184,0.05289838661594387,3.110499849963469,0.0
5,11,5011,False,False,21.822396201660396,0.08141752964483175,0.08723793502716781,3.422617256995602,0.0
5,12,5012,False,False,44.047654393544605,0.04074845982757702,0.02864789406201217,3.6615115137103578,0.0
5,13,5013,False,False,11.748467211338584,0.0571260060144629,0.04191084194916132,2.843081504733995,0.0
5,14,5014,False,False,10.450476203146783,0.0364919197854348,0.026327251285982733,2.3295371046084123,8.881784197001252e-16
5,15,5015,False,False,21.983260843684846,0.04545144016690583,0.03369966264092979,3.2270507589693813,0.0
5,16,5016,False,False,9.939410846145284,0.03591302831310586,0.03291006064899845,2.7811541862661286,8.881784197001252e-16
5,17,5017,False,False,26.080811152465298,0.05801736611592734,0.04995922314219728,3.3407922383678854,1.7763568394002505e-15
5,18,5018,True,True,12.275511641321234,0.0413851344332044,0.046789719742675144,4.431899535106965,3.552713678800501e-15
5,19,5019,False,False,20.648800117894275,0.046057399020750185,0.04550304820623024,3.516444781269581,1.7763568394002505e-15
5,20,5020,False,False,16.32329392515783,0.07312960929948385,0.06658498645712964,3.756320040325135,0.0
5,21,5021,False,False,12.234653239300055,0.048179824976960696,0.05058112625236492,3.376872117854777,1.7763568394002505e-15
5,22,5022,False,False,11.046882785244177,0.06845623145165777,0.03697478427445664,2.2594611699655425,0.0
5,23,5023,True,True,12.991602516872783,0.040324529514080096,0.06453183172163832,4.919336732818056,3.552713678800501e-15
5,24,5024,False,False,7.407529512779488,0.04097248147463225,0.05390699723383698,3.81912249486878,0.0
5,25,5025,False,False,5.3469701243685765,0.03530364042088652,0.030156084579740613,3.0916408466807286,0.0
5,26,5026,False,False,18.066698271524867,0.07158762896888167,0.04319925074693621,3.1015008311942034,0.0
5,27,5027,False,False,24.597373373724118,0.055771221776377215,0.030469050841982388,2.601013490005959,8.881784197001252e-16
5,28,5028,True,True,1.0513951836368962,0.036918292234168724,0.0528800992784026,4.508258749194132,3.552713678800501e-15
5,29,5029,False,False,38.348068190773375,0.03922882052196728,0.01968385432291821,1.8830992586637783,0.0
5,30,5030,True,True,2.050313887749964,0.052019979638080686,0.06354359300691706,4.204037662312733,3.552713678800501e-15
5,31,5031,True,True,28.367174715098248,0.07332924907455332,0.07994460323010888,5.023528351296221,7.105427357601002e-15
5,32,5032,False,False,41.89650540622036,0.03699524292820628,0.021256841696764506,1.9674838017636687,0.0
5,33,5033,True,True,9.953618847025515,0.05674775560933411,0.06540347596402955,4.585221000204381,3.552713678800501e-15
5,34,5034,False,False,2.2441489640683847,0.06924011053506703,0.05555576555898455,3.0604826540152548,1.7763568394002505e-15
5,35,5035,True,True,9.078143748925353,0.03442291823660565,0.07348591247261678,5.567476301695803,0.0
5,36,5036,False,False,42.759429823177406,0.04821822721799214,0.02734892885318153,2.725368088475269,0.0
5,37,5037,False,False,41.69073390938097,0.07777887846314989,0.04125074091987544,2.4238959727419336,8.881784197001252e-16
5,38,5038,False,False,23.240850256877003,0.06444111573577103,0.06399662858090588,2.6194808535485894,8.881784197001252e-16
5,39,5039,False,False,6.795634431915665,0.04630554045394666,0.04512505394443323,2.9577580663119494,0.0
5,40,5040,False,False,11.834570798256836,0.03629053191061723,0.022827650631626815,1.8226734630559216,4.440892098500626e-16
5,41,5041,True,True,42.80540457989571,0.05638826718287382,0.0540930922806147,4.530527145655573,3.552713678800501e-15
5,42,5042,True,True,23.100770751685083,0.04026508505550913,0.04096633550811107,4.432661545413445,3.552713678800501e-15
5,43,5043,True,True,42.84406390245855,0.06029541617521004,0.05059241894511886,4.287639041433211,3.552713678800501e-15
5,44,5044,True,True,0.8774748601075248,0.06078188582015725,0.08537437313226955,4.945315695972883,3.552713678800501e-15
5,45,5045,False,False,10.668918704654942,0.06717008256488566,0.06759184055525369,3.73930734098636,0.0
5,46,5046,False,False,10.4698543570858,0.05252314343825043,0.039330749365296375,2.3993128593039343,0.0
5,47,5047,False,False,21.56217694103293,0.04667390763431935,0.0289831218223246,3.6501687537798175,1.7763568394002505e-15
5,48,5048,True,True,28.77523354497448,0.04343918325449079,0.05695749500879727,5.347419933915002,3.552713678800501e-15
5,49,5049,True,True,18.197452138527126,0.07425736933180499,0.07533549043852432,4.0738252052803565,0.0
8,0,5000,True,True,9.77762161239973,0.05422110678406478,0.05822058045107949,4.717539095352467,0.0
8,1,5001,False,False,8.012219697520852,0.06582304721798753,0.04356901510584618,3.9867377607318217,1.7763568394002505e-15
8,2,5002,True,True,7.760911943048258,0.08510900159847241,0.07765690568707269,7.090646031059579,0.0
8,3,5003,True,True,6.6712934223128375,0.07565593533878512,0.0697584514764471,4.4965180034537005,0.0
8,4,5004,True,True,10.702964088582776,0.06291627746640072,0.0729573560134866,6.311791318286815,7.105427357601002e-15
8,5,5005,True,True,3.431186934633045,0.08847300513310712,0.11896217614223721,7.348877028959625,0.0
8,6,5006,True,True,5.5438892720220245,0.07854494768182665,0.08896709167638482,6.649802598167877,7.105427357601002e-15
8,7,5007,True,True,5.522334981221601,0.1341078521986851,0.1538916359193994,8.408257481740133,0.0
8,8,5008,True,True,15.359354682611627,0.08029001730328786,0.10104136615797506,5.980178173583258,0.0
8,9,5009,True,True,10.57755325511936,0.1269230999395575,0.17087388826069133,7.8296321195865275,0.0
8,10,5010,True,True,10.108551273890885,0.09766062651073468,0.0885606474896771,5.442070654055287,0.0
8,11,5011,True,True,14.02368467355347,0.1302680474317308,0.13382562127261016,5.310667553764463,0.0
8,12,5012,True,True,23.855978013494397,0.06519753572412323,0.049247553771825374,5.430918395220182,0.0
8,13,5013,True,True,6.464986855094698,0.09140160962314063,0.07579041474572804,5.3035703890104635,3.552713678800501e-15
8,14,5014,False,True,5.706811896248997,0.05838707165669568,0.04802370544942552,4.0471647179157,3.552713678800501e-15
8,15,5015,True,True,12.164866037825055,0.07272230426704933,0.05986457539614061,5.332108151244157,3.552713678800501e-15
8,16,5016,True,True,6.009092799086827,0.057460845300969364,0.054262079159273474,4.80451780774187,3.552713678800501e-15
8,17,5017,True,True,15.410535644228599,0.09282778578548373,0.08265424276305583,5.077709361044833,7.105427357601002e-15
8,18,5018,True,True,8.026113632542012,0.06621621509312704,0.07124894178595464,6.475564109155853,0.0
8,19,5019,True,True,12.87278769650379,0.0736918384332003,0.07202453447216721,5.345773301792064,3.552713678800501e-15
8,20,5020,True,True,9.850343482833035,0.11700737487917416,0.10939143761560183,6.335248971214193,0.0
8,21,5021,True,True,7.791148470140876,0.07708771996313711,0.07907013039478497,5.455603794357039,7.105427357601002e-15
8,22,5022,True,True,5.232461679963934,0.10952997032265244,0.07768713802204326,4.473285146250707,0.0
8,23,5023,True,True,9.459014057158843,0.06451924722252816,0.08827496784934462,6.744907873898896,7.105427357601002e-15
8,24,5024,True,True,5.089126468158581,0.0655559703594116,0.07834945059847231,5.5940772781514125,3.552713678800501e-15
8,25,5025,True,True,3.141137810543491,0.05648582467341842,0.05128409884880088,5.412082220270362,3.552713678800501e-15
8,26,5026,True,True,9.059430241315379,0.11454020635021069,0.0850833061831363,5.5780835495610575,0.0
8,27,5027,True,True,11.713795168667644,0.08923395484220356,0.06246783352625655,4.88632917555511,0.0
8,28,5028,True,True,0.7410030977607527,0.05906926757466997,0.07502844619005716,6.416152792947471,0.0
8,29,5029,False,False,17.398306786391583,0.06276611283514764,0.04084308080105855,3.3254085161567657,1.7763568394002505e-15
8,30,5030,True,True,1.3749843067154113,0.08323196742092911,0.0947421797591481,6.265486332962579,0.0
8,31,5031,True,True,18.375910716703665,0.1173267985192853,0.1204862353029287,7.153640977111586,0.0
8,32,5032,False,False,20.473622645889243,0.05919238868513006,0.04058323251706208,3.277058477305316,1.7763568394002505e-15
8,33,5033,True,True,6.549438728549447,0.09079640897493456,0.09911451669175703,6.7748857893976115,0.0
8,34,5034,True,True,1.284012339628178,0.11078417685610722,0.09708159993432522,5.364904174829771,3.552713678800501e-15
8,35,5035,True,True,7.0901019343503355,0.055076669178569036,0.0939374979048869,7.267184157319977,7.105427357601002e-15
8,36,5036,True,True,20.749224735245473,0.07714916354878741,0.0524101359938703,4.539339507851199,0.0
8,37,5037,True,True,19.501506975940558,0.12444620554103984,0.08218592659238465,4.270418027042798,0.0
8,38,5038,False,False,14.52527883463157,0.10310578517723365,0.10068647663404934,3.9024159794976314,1.7763568394002505e-15
8,39,5039,True,True,4.206905016612505,0.07408886472631465,0.07278746873945376,4.7622483177633566,3.552713678800501e-15
8,40,5040,False,False,6.057528207181465,0.058064851056987554,0.044364452707982865,3.5407820650212596,1.7763568394002505e-15
8,41,5041,True,True,26.563317646868168,0.09022122749259812,0.08219573283003484,6.384127872047842,0.0
8,42,5042,True,True,14.569510326865105,0.06442413608881462,0.06389521850233547,6.44455105686478,0.0
8,43,5043,True,True,25.15128999671275,0.09647266588033607,0.08094662601377552,6.172031425399572,7.105427357601002e-15
8,44,5044,True,True,0.6148396511535204,0.09725101731225161,0.12184050793821492,7.062676851220875,0.0
8,45,5045,True,True,6.687374176287576,0.10747213210381706,0.10745655336649781,5.766926003573426,7.105427357601002e-15
8,46,5046,True,True,5.814132089745059,0.08403702950120069,0.07055274489181822,4.352412337660259,0.0
8,47,5047,True,True,10.96847308471635,0.07467825221491094,0.055981882642152696,6.370582460717493,0.0
8,48,5048,True,True,19.840497296027234,0.06950269320718526,0.08078277539331725,7.065251794190581,7.105427357601002e-15
8,49,5049,True,True,11.453284279946473,0.118811790930888,0.11848140655959286,6.357557030203274,0.0
10,0,5000,True,True,7.935591985216098,0.06777638348008098,0.0716159648645373,5.704005091285921,0.0
10,1,5001,True,True,5.818024154391278,0.08227880902248441,0.05990806633645025,5.350155115258241,0.0
10,2,5002,True,True,6.094098518189598,0.1063862519980905,0.0987810573461922,8.975580240583076,0.0
10,3,5003,True,True,5.249746403362851,0.0945699191734814,0.08857162795237475,5.762287988257984,7.105427357601002e-15
10,4,5004,True,True,8.81059729929976,0.07864534683300091,0.08846103426221301,7.58183113318183,0.0
10,5,5005,True,True,2.8934397995971484,0.11059125641638388,0.14104699036474758,8.738452680435133,1.4210854715202004e-14
10,6,5006,True,True,4.542333800751275,0.09818118460228331,0.10852806066020308,8.181754691271907,1.4210854715202004e-14
10,7,5007,True,True,4.535261649573887,0.16763481524835638,0.18729078490399395,10.117142009592792,1.4210854715202004e-14
10,8,5008,True,True,12.830855022141128,0.10036252162910983,0.12051428436913152,7.22334938377436,7.105427357601002e-15
10,9,5009,True,True,8.926413645145576,0.15865387492444688,0.20214940636783096,9.38926161150256,1.4210854715202004e-14
10,10,5010,True,True,7.929048407963758,0.12207578313841837,0.11267832068073676,7.037622114592642,7.105427357601002e-15
10,11,5011,True,True,11.292363767471254,0.1628350592896635,0.16561013142372794,6.657945832738846,7.105427357601002e-15
10,12,5012,True,True,17.989210201511405,0.08149691965515404,0.06449219195092785,6.740108340292546,0.0
10,13,5013,True,True,4.968667223608104,0.1142520120289258,0.09852910596155393,6.961364033687058,7.105427357601002e-15
10,14,5014,True,True,4.377460845125393,0.0729838395708696,0.06256496718494557,5.203821406864893,7.105427357601002e-15
10,15,5015,True,True,9.339811940444632,0.09090288033381166,0.07773138042542528,6.788992298118362,0.0
10,16,5016,True,True,4.75231716036577,0.07182605662621172,0.06856485181368362,6.163301798049473,0.0
10,17,5017,True,True,12.050157199171247,0.11603473223185468,0.10520771360291224,6.350064438731547,0.0
10,18,5018,True,True,6.515403364944477,0.0827702688664088,0.08767131420747279,7.847392637159872,7.105427357601002e-15
10,19,5019,True,True,10.261205757759463,0.09211479804150037,0.09007802884781593,6.6144329721882995,7.105427357601002e-15
10,20,5020,True,True,7.776731307332223,0.1462592185989677,0.13830261504241098,8.084888088638774,1.4210854715202004e-14
10,21,5021,True,True,6.266632426192501,0.09635964995392139,0.09819891645152261,6.860062298232202,0.0
10,22,5022,True,True,3.8694864553935155,0.13691246290331555,0.10498522829005968,5.977100563377965,7.105427357601002e-15
10,23,5023,True,True,8.001543628702882,0.08064905902816019,0.1042191862524169,7.979340629447793,0.0
10,24,5024,True,True,4.209374607267563,0.0819449629492645,0.0946849978086545,6.784083313267661,0.0
10,25,5025,True,True,2.4630984715800643,0.07060728084177303,0.06538891734020463,6.96175678970957,0.0
10,26,5026,True,True,6.781740269914836,0.14317525793776334,0.11345078340947339,7.250229479844857,0.0
10,27,5027,True,True,8.638881380081848,0.11154244355275443,0.0844332873185307,6.438934923880036,0.0
10,28,5028,True,True,0.6191437136166056,0.07383658446833745,0.08979473119513522,7.688177321248676,7.105427357601002e-15
10,29,5029,True,True,12.593307556344444,0.07845764104393456,0.05601356513050737,4.488613051471984,0.0
10,30,5030,True,True,1.1273929712735258,0.10403995927616137,0.115545259013745,7.640544262536196,0.0
10,31,5031,True,True,14.80855038267835,0.14665849814910664,0.14861022826813156,8.66840778996244,0.0
10,32,5032,False,True,15.043060114578138,0.07399048585641256,0.0546920614935052,4.204067520209685,0.0
10,33,5033,True,True,5.33035469801109,0.11349551121866822,0.12169302510081899,8.243588853239812,1.4210854715202004e-14
10,34,5034,True,True,0.9990191816977415,0.13848022107013405,0.12477223321394576,6.9019618042907265,0.0
10,35,5035,True,True,6.185208864326642,0.0688458364732113,0.10761479709109466,8.408915047916725,1.4210854715202004e-14
10,36,5036,True,True,15.209057064582652,0.09643645443598428,0.0707770699181447,5.852120643163255,0.0
10,37,5037,True,True,14.180468157677167,0.15555775692629978,0.11199531257657096,5.668281335517649,0.0
10,38,5038,True,True,11.5796494652998,0.12888223147154207,0.12580525271515935,4.814114552502916,3.552713678800501e-15
10,39,5039,True,True,3.3538955350140287,0.09261108090789331,0.09126989414688573,5.972331847901244,0.0
10,40,5040,True,True,4.565191851377521,0.07258106382123446,0.05881956392453669,4.702510772060235,3.552713678800501e-15
10,41,5041,True,True,20.936181915298302,0.11277653436574764,0.10286582073297539,7.703943125275254,0.0
10,42,5042,True,True,11.651469912798042,0.08053017011101826,0.079586527205706,7.825811753811449,0.0
10,43,5043,True,True,19.455794378384475,0.12059083235042008,0.10328801198633204,7.530269337044111,0.0
10,44,5044,True,True,0.5125614984330781,0.1215637716403145,0.14615209528572023,8.474370439241714,0.0
10,45,5045,True,True,5.351202764006712,0.13434016512977132,0.13417827007428443,7.133660390711636,7.105427357601002e-15
10,46,5046,True,True,4.481012035052288,0.10504628687650086,0.09147868619139474,5.671100535162127,0.0
10,47,5047,True,True,8.231664586686044,0.0933478152686387,0.07439524537735939,8.2045610626489,1.4210854715202004e-14
10,48,5048,True,True,16.36588193965162,0.08687836650898158,0.09730592084646879,8.306920187950906,0.0
10,49,5049,True,True,9.164857732637955,0.14851473866360998,0.14771067953006778,7.929009088559117,7.105427357601002e-15
15,0,5000,True,True,5.3886417283208585,0.10166457522012146,0.10528364482141449,8.192210569220135,0.0
15,1,5001,True,True,3.449783690456499,0.1234182135337266,0.10092175481607002,8.78264236212761,1.4210854715202004e-14
15,2,5002,True,True,3.9618622705997146,0.15957937799713579,0.15177867152108682,13.706106434399151,0.0
15,3,5003,True,True,3.423076190673386,0.14185487876022207,0.13572721523505296,8.947172225057066,0.0
15,4,5004,True,True,6.102176222601344,0.11796802024950137,0.12746208554182592,10.80835141285254,1.4210854715202004e-14
15,5,5005,True,True,2.0786740975043374,0.16588688462457585,0.1962919711442565,12.21672815431371,2.842170943040401e-14
15,6,5006,True,True,3.128001340477552,0.14727177690342497,0.1575124505449732,12.023283492640244,2.842170943040401e-14
15,7,5007,True,True,3.13349966649068,0.25145222287253455,0.2709268264927498,14.396881696088112,0.0
15,8,5008,True,True,9.068032349615645,0.15054378244366473,0.1698085772390595,10.420378295417951,0.0
15,9,5009,True,True,6.413926065572571,0.23798081238667032,0.28078549236028183,13.3352853262226,0.0
15,10,5010,True,True,5.144771496078165,0.18311367470762754,0.17333729261516495,11.066673178825866,0.0
15,11,5011,True,True,7.576051346656396,0.24425258893449528,0.245968701704305,10.129388143279964,2.842170943040401e-14
15,12,5012,True,True,11.039878356935489,0.12224537948273105,0.10401277694534451,10.17325037883786,0.0
15,13,5013,True,True,3.1455329263014615,0.1713780180433887,0.15551916890377254,11.12141610884538,1.4210854715202004e-14
15,14,5014,True,True,2.765093389338966,0.1094757593563044,0.09898962822899592,8.107065794965143,0.0
15,15,5015,True,True,5.89618012747974,0.1363543205007175,0.12280201370491571,10.488268171323476,0.0
15,16,5016,True,True,3.119149057778693,0.10773908493931757,0.10439682428947339,9.570284151653599,1.4210854715202004e-14
15,17,5017,True,True,7.772908740185855,0.174052098347782,0.16239898881655793,9.666740686502171,1.4210854715202004e-14
15,18,5018,True,True,4.427176756134903,0.1241554032996132,0.12887474344888175,11.289845972809948,1.4210854715202004e-14
15,19,5019,True,True,6.79361142028969,0.13817219706225056,0.1356471274116525,9.84700592195113,2.842170943040401e-14
15,20,5020,True,True,5.088604249351651,0.21938882789845154,0.2109918144083803,12.49078082773155,0.0
15,21,5021,True,True,4.2049455914709295,0.1445394749308821,0.1461854819129302,10.3923383259898,0.0
15,22,5022,True,True,2.3423730478962175,0.20536869435497332,0.1733469725550954,9.759089907210134,1.4210854715202004e-14
15,23,5023,True,True,5.771604119617551,0.1209735885422403,0.14426037439912168,11.092369390043784,0.0
15,24,5024,True,True,2.938337949272804,0.12291744442389675,0.13558031474201537,9.768262826836182,1.4210854715202004e-14
15,25,5025,True,True,1.5995674727306006,0.10591092126265955,0.10067137447125026,10.83865093553142,2.842170943040401e-14
15,26,5026,True,True,4.158872671631886,0.21476288690664502,0.1847310544816342,11.450504027628977,0.0
15,27,5027,True,True,5.204072107995433,0.16731366532913167,0.1398229427272999,10.345838454823554,0.0
15,28,5028,True,True,0.43875501789578847,0.1107548767025062,0.1267114959424703,10.868376804330286,1.4210854715202004e-14
15,29,5029,True,True,7.41067351250002,0.11768646156590183,0.09468571991183115,7.560081225636153,0.0
15,30,5030,True,True,0.7774040915075681,0.15605993891424205,0.16755829466697977,11.079196768879097,0.0
15,31,5031,True,True,9.928216579619539,0.21998774722365994,0.22030255978098634,12.58641522817799,0.0
15,32,5032,False,True,8.98136261737051,0.11098572878461885,0.09092791573824367,6.577157413042122,0.0
15,33,5033,True,True,3.6358021121300506,0.17024326682800234,0.17827334512565451,11.927345693368693,0.0
15,34,5034,True,True,0.6424874675864686,0.20772033160520106,0.1940055748927164,10.745379938895507,0.0
15,35,5035,True,True,4.687357578424248,0.10326875470981693,0.14188581456420754,11.278080586696289,1.4210854715202004e-14
15,36,5036,True,True,9.054392522404646,0.1446546816539764,0.11798651709034502,9.238451814835067,1.4210854715202004e-14
15,37,5037,True,True,8.37495914529733,0.2333366353894497,0.18837033822347696,9.308290712573704,1.4210854715202004e-14
15,38,5038,False,True,7.663052904660828,0.1933233472073131,0.18937705653322381,7.164732490650901,1.4210854715202004e-14
15,39,5039,True,True,2.2251714321947667,0.13891662136183996,0.13752280834479944,9.005679785041059,0.0
15,40,5040,True,True,2.8235518644723214,0.10887159573185168,0.09503886563023607,7.620417484058108,7.105427357601002e-15
15,41,5041,True,True,13.554617744307421,0.16916480154862146,0.1568310073562737,11.122320643661741,1.4210854715202004e-14
15,42,5042,True,True,7.742965814655073,0.1207952551665274,0.11929938863747122,11.333481108989638,2.842170943040401e-14
15,43,5043,True,True,12.307667757902518,0.18088624852563012,0.16139488346950773,11.06257540854933,1.4210854715202004e-14
15,44,5044,True,True,0.3620094563642052,0.18234565746047177,0.2069322633443686,12.00377669618891,0.0
15,45,5045,True,True,3.566610280354869,0.201510247694657,0.20115317395890273,10.569017130898525,1.4210854715202004e-14
15,46,5046,True,True,2.846896802737928,0.15756943031475126,0.1438998033437158,8.983291775994399,1.4210854715202004e-14
15,47,5047,True,True,5.059777916525525,0.14002172290295803,0.12077330427566961,12.809753681007166,0.0
15,48,5048,True,True,11.333051891850197,0.13031754976347237,0.13952294975783205,11.566087064711075,0.0
15,49,5049,True,True,6.101724237304511,0.22277210799541503,0.2213363218637529,11.915843312210178,0.0
20,0,5000,True,True,4.077264397811838,0.13555276696016197,0.13905849268956266,10.694301572174847,0.0
20,1,5001,True,True,2.4509434388424913,0.16455761804496882,0.14200818985170424,12.22627500864724,0.0
20,2,5002,True,True,2.9339939969681623,0.212772503996181,0.20487764708350684,18.44661915293411,5.684341886080802e-14
20,3,5003,True,True,2.538842661948497,0.1891398383469628,0.18294959808395467,12.142874416069837,2.842170943040401e-14
20,4,5004,True,True,4.664571505741494,0.15729069366600182,0.1666143967591932,14.067814976688608,2.842170943040401e-14
20,5,5005,True,True,1.6218528377483086,0.22118251283276777,0.2515592084950983,15.697903601461254,2.842170943040401e-14
20,6,5006,True,True,2.3849100834921826,0.19636236920456662,0.20654727475268353,15.871783385640377,2.842170943040401e-14
20,7,5007,True,True,2.3932788432100254,0.33526963049671277,0.35464851354793603,18.6814617297008,5.684341886080802e-14
20,8,5008,True,True,7.0031788027436725,0.20072504325821966,0.21950519571276703,13.673026004655474,0.0
20,9,5009,True,True,5.0023300501664005,0.31730774984889376,0.35972507413274935,17.311633991444943,5.684341886080802e-14
20,10,5010,True,True,3.805566621887285,0.24415156627683673,0.23419325029759233,15.116368610407951,0.0
20,11,5011,True,True,5.694042153662201,0.325670118579327,0.32685182739704066,13.65807794784944,2.842170943040401e-14
20,12,5012,True,True,7.938346105508231,0.1629938393103081,0.14421839920610352,13.696881216228098,2.842170943040401e-14
20,13,5013,True,True,2.3006457537778755,0.2285040240578516,0.21258221985646664,15.2891802797005,2.842170943040401e-14
20,14,5014,True,True,2.0204136593481103,0.1459676791417392,0.1354505012696769,11.016397724491638,1.4210854715202004e-14
20,15,5015,True,True,4.304349188942412,0.18180576066762333,0.16807786428817098,14.218084084361248,2.842170943040401e-14
20,16,5016,True,True,2.320930053362208,0.14365211325242344,0.14027026108280702,12.982563987002457,2.842170943040401e-14
20,17,5017,True,True,5.729138201029412,0.23206946446370935,0.2200232480392197,13.058658589259677,0.0
20,18,5018,True,True,3.3514778394065257,0.1655405377328176,0.17016638436692588,14.740382837105424,2.842170943040401e-14
20,19,5019,True,True,5.073093090708543,0.18422959608300074,0.18146295235781001,13.115021545571912,0.0
20,20,5020,True,True,3.779476382163927,0.2925184371979354,0.2839073047275402,16.913678224253882,0.0
20,21,5021,True,True,3.1629666922595927,0.19271929990784278,0.19426773824021074,13.936426684382694,2.842170943040401e-14
20,22,5022,True,True,1.6792877905991757,0.2738249258066311,0.24176219489372913,13.551659632795845,0.0
20,23,5023,True,True,4.5116748955012715,0.16129811805632038,0.18442507373300793,14.223649999356107,0.0
20,24,5024,True,True,2.2565629744581717,0.163889925898529,0.17651142500579386,12.758182213279547,2.842170943040401e-14
20,25,5025,True,True,1.1842857102367395,0.14121456168354607,0.13596482934758342,14.716967508915445,2.842170943040401e-14
20,26,5026,True,True,2.9976595028461994,0.2863505158755267,0.2561827901458703,15.660905221022931,2.842170943040401e-14
20,27,5027,True,True,3.720823377932793,0.22308488710550886,0.1954297545782842,14.265158334360544,2.842170943040401e-14
20,28,5028,True,True,0.3397631487062844,0.1476731689366749,0.16362894994773627,14.048666430268767,0.0
20,29,5029,True,True,5.241571131286497,0.15691528208786912,0.13368265538695154,10.703625827507874,2.842170943040401e-14
20,30,5030,True,True,0.5932326526429628,0.20807991855232275,0.21957462035987635,14.518470508772575,5.684341886080802e-14
20,31,5031,True,True,7.453491814356472,0.2933169962982133,0.29280675075348417,16.58509876813642,5.684341886080802e-14
20,32,5032,False,True,6.387155450215094,0.14798097171282512,0.1276003374932884,8.979167014076715,0.0
20,33,5033,True,True,2.758139280810694,0.22699102243733643,0.23493444690185328,15.618537253864243,2.842170943040401e-14
20,34,5034,True,True,0.47349864795949825,0.2769604421402681,0.2632424772184175,14.589204705107244,0.0
20,35,5035,True,True,3.7726881053900003,0.1376916729464226,0.17621605714449962,14.158126311893323,2.842170943040401e-14
20,36,5036,True,True,6.430855728325533,0.19287290887196856,0.1657776754441657,12.678038450778685,0.0
20,37,5037,True,True,5.93004617805408,0.31111551385259956,0.26556153048717024,13.016138434800515,0.0
20,38,5038,True,True,5.71963657045793,0.25776446294308414,0.2533884217400213,9.55692200314088,0.0
20,39,5039,True,True,1.6647129916417052,0.18522216181578663,0.1838022257910384,12.04362465557573,0.0
20,40,5040,True,True,2.043416020521223,0.1451621276424689,0.13129751053383376,10.54483777763359,0.0
20,41,5041,True,True,9.98157376453151,0.22555306873149528,0.2120609016648203,14.614770155702471,0.0
20,42,5042,True,True,5.791282357174972,0.16106034022203652,0.15928975828671474,14.874874174377338,0.0
20,43,5043,True,True,8.96879757360749,0.24118166470084015,0.22067912865141834,14.676876496029774,0.0
20,44,5044,True,True,0.27981897162465247,0.243127543280629,0.2677132113963269,15.53329486042453,0.0
20,45,5045,True,True,2.6739870365814804,0.26868033025954263,0.2682257083352022,14.015258007940249,0.0
20,46,5046,True,True,2.0857484797930956,0.21009257375300172,0.19637545154838673,12.30329840943807,0.0
20,47,5047,True,True,3.650010752372504,0.1866956305372774,0.1673159789909925,17.425516732124414,0.0
20,48,5048,True,True,8.649381907410389,0.17375673301796316,0.18231508459347368,14.929944437275877,0.0
20,49,5049,True,True,4.56996396731361,0.29702947732721996,0.29527851886519335,15.935823227077133,0.0
30,0,5000,True,True,2.741473366601916,0.2033291504402429,0.2067195169053709,15.713593695491921,0.0
30,1,5001,True,True,1.5518706591349702,0.2468364270674532,0.22423933728271864,19.12288754075554,0.0
30,2,5002,True,True,1.9312814845179973,0.31915875599427157,0.3111720946471095,27.937266191775045,0.0
30,3,5003,True,True,1.6737444165456636,0.28370975752044414,0.2774583154694796,18.54435645967547,5.684341886080802e-14
30,4,5004,True,True,3.169226025596539,0.23593604049900274,0.2450827227487295,20.623028808193606,5.684341886080802e-14
30,5,5005,True,True,1.1265993903064286,0.3317737692491517,0.3621196891321109,22.663608632499297,0.0
30,6,5006,True,True,1.6165637419702557,0.29454355380684993,0.3046708116728305,23.5760388738136,0.0
30,7,5007,True,True,1.6251737473310635,0.5029044457450691,0.5221840296094532,27.25601109532127,0.0
30,8,5008,True,True,4.807243476483416,0.30108756488732946,0.3193534728940427,20.2377345362245,0.0
30,9,5009,True,True,3.4718522107970062,0.47596162477334064,0.5179594380671549,25.298064188992416,1.1368683772161603e-13
30,10,5010,True,True,2.501785506949697,0.3662273494152551,0.35609204803756134,23.234498766121295,0.0
30,11,5011,True,True,3.801305731100085,0.48850517786899056,0.489150315941037,20.770345549794545,5.684341886080802e-14
30,12,5012,True,True,5.073752600300714,0.2444907589654621,0.22521577729682146,20.83157040403055,5.684341886080802e-14
30,13,5013,True,True,1.4964473050618157,0.3427560360867774,0.3267743260736688,23.63152130520926,0.0
30,14,5014,True,True,1.3129889932981733,0.2189515187126088,0.20840485394102054,16.840702426787054,0.0
30,15,5015,True,True,2.7937869835414872,0.272708641001435,0.2588142900426762,21.706325934717125,5.684341886080802e-14
30,16,5016,True,True,1.5349969265657826,0.21547816987863513,0.21205734650255512,19.812066103183422,1.1368683772161603e-13
30,17,5017,True,True,3.751638984760896,0.348104196695564,0.33567829021438705,19.914174249178973,5.684341886080802e-14
30,18,5018,True,True,2.254895217238119,0.2483108065992264,0.25284139735917543,21.650243738443,1.1368683772161603e-13
30,19,5019,True,True,3.365444764247422,0.2763443941245011,0.2733383012175056,19.686713958255954,0.0
30,20,5020,True,True,2.494628449644324,0.4387776557969031,0.4299565327813007,25.775462502756078,1.1368683772161603e-13
30,21,5021,True,True,2.114381780001392,0.2890789498617642,0.2905292503812203,21.036152916466136,5.684341886080802e-14
30,22,5022,True,True,1.072144948689742,0.41073738870994664,0.378637114658645,21.145765053654912,5.684341886080802e-14
30,23,5023,True,True,3.139380062015527,0.2419471770844806,0.2649002044264843,20.507502944055524,0.0
30,24,5024,True,True,1.541153988600426,0.2458348888477935,0.2584129861500111,18.744251660217035,0.0
30,25,5025,True,True,0.7794975037887736,0.2118218425253191,0.20656218275503052,22.47492237855382,0.0
30,26,5026,True,True,1.9230470759096512,0.42952577381329005,0.3992323542110837,24.09084591017118,0.0
30,27,5027,True,True,2.368977954732207,0.33462733065826333,0.3068224753303712,22.114635788038626,5.684341886080802e-14
30,28,5028,True,True,0.23411871376355847,0.2215097534050124,0.23746463985976526,20.409347551685357,0.0
30,29,5029,True,True,3.3034804300348037,0.23537292313180366,0.21193345205581646,17.04728574867962,0.0
30,30,5030,True,True,0.4025130814922106,0.3121198778284841,0.3236107958414677,21.397683450106218,0.0
30,31,5031,True,True,4.967666591293762,0.43997549444731987,0.4386388227038478,24.667267812518226,1.1368683772161603e-13
30,32,5032,True,True,4.043676804457992,0.2219714575692377,0.20129991223220503,13.809532784006342,0.0
30,33,5033,True,True,1.859800883760624,0.3404865336560047,0.3483412959375488,23.008909249808408,0.0
30,34,5034,True,True,0.3102764909055561,0.41544066321040213,0.40171959959359327,22.27723217858855,1.1368683772161603e-13
30,35,5035,True,True,2.713058982373094,0.20653750941963386,0.244954590557195,19.931984022710385,1.1368683772161603e-13
30,36,5036,True,True,4.0665629238428425,0.2893093633079528,0.26183021447730864,19.60474346533669,0.0
30,37,5037,True,True,3.740184161385975,0.4666732707788994,0.4205940256230508,20.487879112145638,0.0
30,38,5038,False,True,3.791957917173448,0.3866466944146262,0.3818451022482456,14.382924336853703,0.0
30,39,5039,True,True,1.1069753322955547,0.27783324272367993,0.2763873141970924,18.12405763234867,0.0
30,40,5040,True,True,1.315985601859065,0.21774319146370336,0.20384884864762262,16.399278770290767,0.0
30,41,5041,True,True,6.519693856884826,0.3383296030972429,0.32372112745281917,21.67840232109262,5.684341886080802e-14
30,42,5042,True,True,3.8473255531743913,0.2415905103330548,0.23954677095104346,21.99361104138339,5.684341886080802e-14
30,43,5043,True,True,5.802051493716329,0.36177249705126024,0.3403152067086074,21.989417763980622,1.1368683772161603e-13
30,44,5044,True,True,0.19243693743018264,0.36469131492094353,0.3892759860399517,22.59245711709982,0.0
30,45,5045,True,True,1.7817232300689039,0.403020495389314,0.40246839999685435,20.918869207942564,0.0
30,46,5046,True,True,1.358891217559615,0.3151388606295025,0.3013763937119535,18.950324675070412,5.684341886080802e-14
30,47,5047,True,True,2.3430454386892987,0.28004344580591606,0.2605422237302185,26.666794931593593,0.0
30,48,5048,True,True,5.860467091739198,0.26063509952694475,0.2685234422601832,21.777035025447017,5.684341886080802e-14
30,49,5049,True,True,3.040989462211783,0.44554421599083005,0.4434789935933589,24.00857663948138,1.1368683772161603e-13
50,0,5000,True,True,1.6557982824093225,0.3388819174004049,0.34217857351949715,25.771389064033436,0.0
50,1,5001,True,True,0.8950512810439056,0.41139404511242206,0.38876214279456683,32.92608452296848,2.2737367544323206e-13
50,2,5002,True,True,1.1470097917972013,0.5319312599904525,0.5238728133788342,46.92979980962697,0.0
50,3,5003,True,True,0.9952876377741716,0.472849595867407,0.4665501658663102,31.358820688200602,1.1368683772161603e-13
50,4,5004,True,True,1.9304365110530497,0.3932267341650046,0.4022268663637679,33.77989117131805,2.2737367544323206e-13
50,5,5005,True,True,0.6994080053735614,0.5529562820819195,0.5832756578076136,36.59949703773006,2.2737367544323206e-13
50,6,5006,True,True,0.9830193738411522,0.49090592301141656,0.5009856555826251,38.993498440190116,2.2737367544323206e-13
50,7,5007,True,True,0.9897321753161029,0.8381740762417819,0.8573715260702663,44.41209782779547,2.2737367544323206e-13
50,8,5008,True,True,2.9521861078570675,0.5018126081455491,0.5196447580247436,33.44118124228473,0.0
50,9,5009,True,True,2.1530584561404797,0.7932693746222342,0.8349059783590043,41.31447251771335,0.0
50,10,5010,True,True,1.48420971307406,0.6103789156920918,0.6001055440756544,39.49176082240459,0.0
50,11,5011,True,True,2.2821216213749485,0.8141752964483175,0.8143902011999665,35.058287291543955,0.0
50,12,5012,True,True,2.9437439570831763,0.4074845982757702,0.3878389268364186,35.20194162006613,2.2737367544323206e-13
50,13,5013,True,True,0.8806477122811801,0.571260060144629,0.5552324861347794,40.32371875013041,2.2737367544323206e-13
50,14,5014,True,True,0.7721676828035142,0.364919197854348,0.3543499934839773,28.495730741169467,0.0
50,15,5015,True,True,1.6410797941290873,0.45451440166905827,0.44049310457876945,36.71549322195324,2.2737367544323206e-13
50,16,5016,True,True,0.915101891542339,0.35913028313105855,0.355678726929903,33.476721843453,2.2737367544323206e-13
50,17,5017,True,True,2.2182578501310144,0.5801736611592734,0.5674536445518626,33.70737987594089,0.0
50,18,5018,True,True,1.3627333361144351,0.413851344332044,0.4183044637209207,35.48114918825958,2.2737367544323206e-13
50,19,5019,True,True,2.010513520855831,0.4605739902075019,0.4573780610059321,32.87281686094328,2.2737367544323206e-13
50,20,5020,True,True,1.4846298478104212,0.7312960929948386,0.722309974342874,43.517386880406995,2.2737367544323206e-13
50,21,5021,True,True,1.2711905888790718,0.48179824976960695,0.4831696602393794,35.24922455278331,0.0
50,22,5022,True,True,0.622190168856496,0.6845623145165777,0.6524342196900216,36.34360523163628,2.2737367544323206e-13
50,23,5023,True,True,1.9513467525455044,0.403245295140801,0.4260478419188992,33.10374507781025,0.0
50,24,5024,True,True,0.9430632962613041,0.4097248147463225,0.42226663334125353,30.72431405074529,0.0
50,25,5025,True,True,0.46298404792910974,0.3530364042088652,0.3477689822856077,37.99234037179917,2.2737367544323206e-13
50,26,5026,True,True,1.1198537168527807,0.7158762896888169,0.6854889502568813,40.96094485956039,2.2737367544323206e-13
50,27,5027,True,True,1.3716915656498498,0.5577122177637722,0.5297969577460737,37.825446549689666,2.2737367544323206e-13
50,28,5028,True,True,0.144350745546354,0.3691829223416873,0.38513704867685133,33.13084346495262,2.2737367544323206e-13
50,29,5029,True,True,1.8981836429995247,0.3922882052196728,0.3686988855788621,29.79197547861301,0.0
50,30,5030,True,True,0.24498767082759249,0.5201997963808069,0.5316875891868464,35.15694817083977,2.2737367544323206e-13
50,31,5031,True,True,2.9772681980338844,0.7332924907455332,0.7312952579218283,40.93585811641898,0.0
50,32,5032,True,True,2.3306042426617712,0.36995242928206284,0.34906850862774813,23.499749002142543,0.0
50,33,5033,True,True,1.1260534083219182,0.567477556093341,0.5752599178509219,37.79973615264911,2.2737367544323206e-13
50,34,5034,True,True,0.18365678345611222,0.6924011053506702,0.6786776379351241,37.65371854243187,0.0
50,35,5035,True,True,1.7368556068463057,0.34422918236605643,0.3825474505433201,31.499415139871406,0.0
50,36,5036,True,True,2.3417621743546815,0.4821822721799213,0.4544234223248185,33.51054273590491,0.0
50,37,5037,True,True,2.149992767076496,0.777788784631499,0.7313285476870106,35.490118413023445,2.2737367544323206e-13
50,38,5038,True,True,2.2639174098951873,0.6444111573577103,0.6392725860951574,24.0844370138358,1.1368683772161603e-13
50,39,5039,True,True,0.6628014876286232,0.46305540453946653,0.4615887777833168,30.290326420848135,1.1368683772161603e-13
50,40,5040,True,True,0.7686400079383394,0.36290531910617224,0.3489886125540343,28.11423229844075,1.1368683772161603e-13
50,41,5041,True,True,3.8430666192578196,0.5638826718287382,0.54841383395621,35.90318827987605,2.2737367544323206e-13
50,42,5042,True,True,2.3006805507162644,0.40265085055509137,0.4003900123868984,36.27600439810842,2.2737367544323206e-13
50,43,5043,True,True,3.3960031441611913,0.6029541617521003,0.5807733268585193,36.71561249747685,2.2737367544323206e-13
50,44,5044,True,True,0.1184545745066859,0.6078188582015726,0.6324026852106729,36.71094633466523,2.2737367544323206e-13
50,45,5045,True,True,1.0684614145635092,0.6717008256488567,0.6710708290261708,34.739634557277626,0.0
50,46,5046,True,True,0.800714364870075,0.5252314343825043,0.5114341506373563,32.2521900278211,2.2737367544323206e-13
50,47,5047,True,True,1.3649873163276995,0.46673907634319345,0.4471469166631213,45.16041531338803,0.0
50,48,5048,True,True,3.558613059255932,0.4343918325449079,0.4417284690770268,35.62617533238336,2.2737367544323206e-13
50,49,5049,True,True,1.821269088411492,0.7425736933180499,0.7402579357726607,40.19296422914875,2.2737367544323206e-13
