magnitude_sigma,runs,detection_rate,significance_rate,median_angular_error_deg,p90_angular_error_deg,median_estimated_magnitude_m,max_identity_error
1,50,0.0,0.0,44.99269411366682,74.25396054228071,0.021081123536973282,1.7763568394002505e-15
2,50,0.0,0.0,43.68107811658987,79.2289589727313,0.02314580892779816,1.7763568394002505e-15
3,50,0.08,0.08,26.7580447694979,72.34537903445707,0.03061746277199645,1.7763568394002505e-15
5,50,0.4,0.4,14.77509409960778,41.711311059064904,0.04996296204722761,7.105427357601002e-15
8,50,0.88,0.9,9.259222149237111,19.903809831013437,0.07870979049662864,7.105427357601002e-15
10,50,0.98,1.0,7.279235788623529,15.059659809578589,0.09865508165387307,1.4210854715202004e-14
15,50,0.96,1.0,4.873567747474887,9.154050772616037,0.14522292815602594,2.842170943040401e-14
20,50,0.98,1.0,3.6854170651526483,7.048210103904953,0.19590260306333546,5.684341886080802e-14
30,50,0.98,1.0,2.3560116967107527,4.82328578796445,0.30302360269239204,1.1368683772161603e-13
50,50,1.0,1.0,1.3683394409887746,2.9445881721605653,0.5062099031099907,2.2737367544323206e-13
